Main Folder,Sub Folder,File Type,Accuracy F1-Score
fv_dorsal,_1,classification_results_test.xlsx,0.8250
fv_dorsal,_10,classification_results_test.xlsx,0.9250
fv_dorsal,_100,classification_results_test.xlsx,0.7250
fv_dorsal,_11,classification_results_test.xlsx,0.9000
fv_dorsal,_12,classification_results_test.xlsx,0.8500
fv_dorsal,_13,classification_results_test.xlsx,0.9250
fv_dorsal,_14,classification_results_test.xlsx,0.6500
fv_dorsal,_15,classification_results_test.xlsx,0.9250
fv_dorsal,_16,classification_results_test.xlsx,0.8750
fv_dorsal,_17,classification_results_test.xlsx,0.9250
fv_dorsal,_18,classification_results_test.xlsx,0.8500
fv_dorsal,_19,classification_results_test.xlsx,0.6750
fv_dorsal,_2,classification_results_test.xlsx,0.8000
fv_dorsal,_20,classification_results_test.xlsx,0.9500
fv_dorsal,_21,classification_results_test.xlsx,0.9250
fv_dorsal,_22,classification_results_test.xlsx,0.8750
fv_dorsal,_23,classification_results_test.xlsx,0.7750
fv_dorsal,_24,classification_results_test.xlsx,0.9000
fv_dorsal,_25,classification_results_test.xlsx,0.9250
fv_dorsal,_26,classification_results_test.xlsx,0.7000
fv_dorsal,_27,classification_results_test.xlsx,0.7250
fv_dorsal,_28,classification_results_test.xlsx,0.9000
fv_dorsal,_29,classification_results_test.xlsx,0.8250
fv_dorsal,_3,classification_results_test.xlsx,0.8250
fv_dorsal,_30,classification_results_test.xlsx,0.9500
fv_dorsal,_31,classification_results_test.xlsx,0.9000
fv_dorsal,_32,classification_results_test.xlsx,0.8000
fv_dorsal,_33,classification_results_test.xlsx,0.9000
fv_dorsal,_34,classification_results_test.xlsx,0.9000
fv_dorsal,_35,classification_results_test.xlsx,0.6500
fv_dorsal,_36,classification_results_test.xlsx,0.6500
fv_dorsal,_37,classification_results_test.xlsx,0.9500
fv_dorsal,_38,classification_results_test.xlsx,0.9000
fv_dorsal,_39,classification_results_test.xlsx,0.8750
fv_dorsal,_4,classification_results_test.xlsx,0.9250
fv_dorsal,_40,classification_results_test.xlsx,0.7750
fv_dorsal,_41,classification_results_test.xlsx,0.8750
fv_dorsal,_42,classification_results_test.xlsx,0.9250
fv_dorsal,_43,classification_results_test.xlsx,0.8500
fv_dorsal,_44,classification_results_test.xlsx,0.9000
fv_dorsal,_45,classification_results_test.xlsx,0.8500
fv_dorsal,_46,classification_results_test.xlsx,0.9250
fv_dorsal,_47,classification_results_test.xlsx,0.9250
fv_dorsal,_48,classification_results_test.xlsx,0.8500
fv_dorsal,_49,classification_results_test.xlsx,0.8750
fv_dorsal,_5,classification_results_test.xlsx,0.8000
fv_dorsal,_50,classification_results_test.xlsx,0.9000
fv_dorsal,_51,classification_results_test.xlsx,0.9250
fv_dorsal,_52,classification_results_test.xlsx,0.9250
fv_dorsal,_53,classification_results_test.xlsx,0.8250
fv_dorsal,_54,classification_results_test.xlsx,0.8750
fv_dorsal,_55,classification_results_test.xlsx,0.8750
fv_dorsal,_56,classification_results_test.xlsx,0.7500
fv_dorsal,_57,classification_results_test.xlsx,0.9500
fv_dorsal,_58,classification_results_test.xlsx,0.8750
fv_dorsal,_59,classification_results_test.xlsx,0.9250
fv_dorsal,_6,classification_results_test.xlsx,0.8500
fv_dorsal,_60,classification_results_test.xlsx,0.9000
fv_dorsal,_61,classification_results_test.xlsx,0.8500
fv_dorsal,_62,classification_results_test.xlsx,0.8750
fv_dorsal,_63,classification_results_test.xlsx,0.9000
fv_dorsal,_64,classification_results_test.xlsx,0.9250
fv_dorsal,_65,classification_results_test.xlsx,0.9000
fv_dorsal,_66,classification_results_test.xlsx,0.7250
fv_dorsal,_67,classification_results_test.xlsx,0.8250
fv_dorsal,_68,classification_results_test.xlsx,0.8500
fv_dorsal,_69,classification_results_test.xlsx,0.9000
fv_dorsal,_7,classification_results_test.xlsx,0.8500
fv_dorsal,_70,classification_results_test.xlsx,0.7500
fv_dorsal,_71,classification_results_test.xlsx,0.9000
fv_dorsal,_72,classification_results_test.xlsx,0.9750
fv_dorsal,_73,classification_results_test.xlsx,0.8750
fv_dorsal,_74,classification_results_test.xlsx,0.8500
fv_dorsal,_75,classification_results_test.xlsx,0.8500
fv_dorsal,_76,classification_results_test.xlsx,0.6250
fv_dorsal,_77,classification_results_test.xlsx,0.7750
fv_dorsal,_78,classification_results_test.xlsx,0.9250
fv_dorsal,_79,classification_results_test.xlsx,0.9000
fv_dorsal,_8,classification_results_test.xlsx,0.9000
fv_dorsal,_80,classification_results_test.xlsx,0.8500
fv_dorsal,_81,classification_results_test.xlsx,0.8750
fv_dorsal,_82,classification_results_test.xlsx,0.9000
fv_dorsal,_83,classification_results_test.xlsx,0.9250
fv_dorsal,_84,classification_results_test.xlsx,0.9500
fv_dorsal,_85,classification_results_test.xlsx,0.8750
fv_dorsal,_86,classification_results_test.xlsx,0.7500
fv_dorsal,_87,classification_results_test.xlsx,0.9500
fv_dorsal,_88,classification_results_test.xlsx,0.9250
fv_dorsal,_89,classification_results_test.xlsx,0.9000
fv_dorsal,_9,classification_results_test.xlsx,0.9500
fv_dorsal,_90,classification_results_test.xlsx,0.7000
fv_dorsal,_91,classification_results_test.xlsx,0.8500
fv_dorsal,_92,classification_results_test.xlsx,0.7500
fv_dorsal,_93,classification_results_test.xlsx,0.9250
fv_dorsal,_94,classification_results_test.xlsx,0.6500
fv_dorsal,_95,classification_results_test.xlsx,1.0000
fv_dorsal,_96,classification_results_test.xlsx,0.9500
fv_dorsal,_97,classification_results_test.xlsx,0.8250
fv_dorsal,_98,classification_results_test.xlsx,0.9250
fv_dorsal,_99,classification_results_test.xlsx,0.7000
fv_dorsasl_mixed,_1,classification_results_test.xlsx,0.5250
fv_dorsasl_mixed,_10,classification_results_test.xlsx,0.5000
fv_dorsasl_mixed,_100,classification_results_test.xlsx,0.5000
fv_dorsasl_mixed,_11,classification_results_test.xlsx,0.5000
fv_dorsasl_mixed,_12,classification_results_test.xlsx,0.4500
fv_dorsasl_mixed,_13,classification_results_test.xlsx,0.5500
fv_dorsasl_mixed,_14,classification_results_test.xlsx,0.5250
fv_dorsasl_mixed,_15,classification_results_test.xlsx,0.5000
fv_dorsasl_mixed,_16,classification_results_test.xlsx,0.5000
fv_dorsasl_mixed,_17,classification_results_test.xlsx,0.4750
fv_dorsasl_mixed,_18,classification_results_test.xlsx,0.6000
fv_dorsasl_mixed,_19,classification_results_test.xlsx,0.5000
fv_dorsasl_mixed,_2,classification_results_test.xlsx,0.4750
fv_dorsasl_mixed,_20,classification_results_test.xlsx,0.5000
fv_dorsasl_mixed,_21,classification_results_test.xlsx,0.4750
fv_dorsasl_mixed,_22,classification_results_test.xlsx,0.5500
fv_dorsasl_mixed,_23,classification_results_test.xlsx,0.5750
fv_dorsasl_mixed,_24,classification_results_test.xlsx,0.5500
fv_dorsasl_mixed,_25,classification_results_test.xlsx,0.5500
fv_dorsasl_mixed,_26,classification_results_test.xlsx,0.5250
fv_dorsasl_mixed,_27,classification_results_test.xlsx,0.3500
fv_dorsasl_mixed,_28,classification_results_test.xlsx,0.6500
fv_dorsasl_mixed,_29,classification_results_test.xlsx,0.5250
fv_dorsasl_mixed,_3,classification_results_test.xlsx,0.4250
fv_dorsasl_mixed,_30,classification_results_test.xlsx,0.4500
fv_dorsasl_mixed,_31,classification_results_test.xlsx,0.5500
fv_dorsasl_mixed,_32,classification_results_test.xlsx,0.5000
fv_dorsasl_mixed,_33,classification_results_test.xlsx,0.4500
fv_dorsasl_mixed,_34,classification_results_test.xlsx,0.5000
fv_dorsasl_mixed,_35,classification_results_test.xlsx,0.5000
fv_dorsasl_mixed,_36,classification_results_test.xlsx,0.5500
fv_dorsasl_mixed,_37,classification_results_test.xlsx,0.5000
fv_dorsasl_mixed,_38,classification_results_test.xlsx,0.5000
fv_dorsasl_mixed,_39,classification_results_test.xlsx,0.4500
fv_dorsasl_mixed,_4,classification_results_test.xlsx,0.5750
fv_dorsasl_mixed,_40,classification_results_test.xlsx,0.5750
fv_dorsasl_mixed,_41,classification_results_test.xlsx,0.4750
fv_dorsasl_mixed,_42,classification_results_test.xlsx,0.4500
fv_dorsasl_mixed,_43,classification_results_test.xlsx,0.6000
fv_dorsasl_mixed,_44,classification_results_test.xlsx,0.4500
fv_dorsasl_mixed,_45,classification_results_test.xlsx,0.5750
fv_dorsasl_mixed,_46,classification_results_test.xlsx,0.5750
fv_dorsasl_mixed,_47,classification_results_test.xlsx,0.4750
fv_dorsasl_mixed,_48,classification_results_test.xlsx,0.5000
fv_dorsasl_mixed,_49,classification_results_test.xlsx,0.5250
fv_dorsasl_mixed,_5,classification_results_test.xlsx,0.6000
fv_dorsasl_mixed,_50,classification_results_test.xlsx,0.6000
fv_dorsasl_mixed,_51,classification_results_test.xlsx,0.5500
fv_dorsasl_mixed,_52,classification_results_test.xlsx,0.5750
fv_dorsasl_mixed,_53,classification_results_test.xlsx,0.5000
fv_dorsasl_mixed,_54,classification_results_test.xlsx,0.5750
fv_dorsasl_mixed,_55,classification_results_test.xlsx,0.4500
fv_dorsasl_mixed,_56,classification_results_test.xlsx,0.5500
fv_dorsasl_mixed,_57,classification_results_test.xlsx,0.6000
fv_dorsasl_mixed,_58,classification_results_test.xlsx,0.5000
fv_dorsasl_mixed,_59,classification_results_test.xlsx,0.4750
fv_dorsasl_mixed,_6,classification_results_test.xlsx,0.5250
fv_dorsasl_mixed,_60,classification_results_test.xlsx,0.5250
fv_dorsasl_mixed,_61,classification_results_test.xlsx,0.4250
fv_dorsasl_mixed,_62,classification_results_test.xlsx,0.5500
fv_dorsasl_mixed,_63,classification_results_test.xlsx,0.6250
fv_dorsasl_mixed,_64,classification_results_test.xlsx,0.5500
fv_dorsasl_mixed,_65,classification_results_test.xlsx,0.5000
fv_dorsasl_mixed,_66,classification_results_test.xlsx,0.6000
fv_dorsasl_mixed,_67,classification_results_test.xlsx,0.5000
fv_dorsasl_mixed,_68,classification_results_test.xlsx,0.4750
fv_dorsasl_mixed,_69,classification_results_test.xlsx,0.5500
fv_dorsasl_mixed,_7,classification_results_test.xlsx,0.6000
fv_dorsasl_mixed,_70,classification_results_test.xlsx,0.4750
fv_dorsasl_mixed,_71,classification_results_test.xlsx,0.4000
fv_dorsasl_mixed,_72,classification_results_test.xlsx,0.4000
fv_dorsasl_mixed,_73,classification_results_test.xlsx,0.4750
fv_dorsasl_mixed,_74,classification_results_test.xlsx,0.5000
fv_dorsasl_mixed,_75,classification_results_test.xlsx,0.5500
fv_dorsasl_mixed,_76,classification_results_test.xlsx,0.5500
fv_dorsasl_mixed,_77,classification_results_test.xlsx,0.5000
fv_dorsasl_mixed,_78,classification_results_test.xlsx,0.5250
fv_dorsasl_mixed,_79,classification_results_test.xlsx,0.5500
fv_dorsasl_mixed,_8,classification_results_test.xlsx,0.5250
fv_dorsasl_mixed,_80,classification_results_test.xlsx,0.5250
fv_dorsasl_mixed,_81,classification_results_test.xlsx,0.5000
fv_dorsasl_mixed,_82,classification_results_test.xlsx,0.5750
fv_dorsasl_mixed,_83,classification_results_test.xlsx,0.5500
fv_dorsasl_mixed,_84,classification_results_test.xlsx,0.5000
fv_dorsasl_mixed,_85,classification_results_test.xlsx,0.6250
fv_dorsasl_mixed,_86,classification_results_test.xlsx,0.5000
fv_dorsasl_mixed,_87,classification_results_test.xlsx,0.5000
fv_dorsasl_mixed,_88,classification_results_test.xlsx,0.6250
fv_dorsasl_mixed,_89,classification_results_test.xlsx,0.6000
fv_dorsasl_mixed,_9,classification_results_test.xlsx,0.5250
fv_dorsasl_mixed,_90,classification_results_test.xlsx,0.5000
fv_dorsasl_mixed,_91,classification_results_test.xlsx,0.4000
fv_dorsasl_mixed,_92,classification_results_test.xlsx,0.5000
fv_dorsasl_mixed,_93,classification_results_test.xlsx,0.5500
fv_dorsasl_mixed,_94,classification_results_test.xlsx,0.5250
fv_dorsasl_mixed,_95,classification_results_test.xlsx,0.5000
fv_dorsasl_mixed,_96,classification_results_test.xlsx,0.5250
fv_dorsasl_mixed,_97,classification_results_test.xlsx,0.4250
fv_dorsasl_mixed,_98,classification_results_test.xlsx,0.4750
fv_dorsasl_mixed,_99,classification_results_test.xlsx,0.4750
fv_ventral,_1,classification_results_test.xlsx,0.9250
fv_ventral,_10,classification_results_test.xlsx,0.9000
fv_ventral,_100,classification_results_test.xlsx,0.9250
fv_ventral,_11,classification_results_test.xlsx,0.9500
fv_ventral,_12,classification_results_test.xlsx,0.8500
fv_ventral,_13,classification_results_test.xlsx,0.9250
fv_ventral,_14,classification_results_test.xlsx,0.9250
fv_ventral,_15,classification_results_test.xlsx,0.8750
fv_ventral,_16,classification_results_test.xlsx,0.9500
fv_ventral,_17,classification_results_test.xlsx,0.9500
fv_ventral,_18,classification_results_test.xlsx,0.9500
fv_ventral,_19,classification_results_test.xlsx,0.9500
fv_ventral,_2,classification_results_test.xlsx,0.9750
fv_ventral,_20,classification_results_test.xlsx,1.0000
fv_ventral,_21,classification_results_test.xlsx,0.9500
fv_ventral,_22,classification_results_test.xlsx,0.9000
fv_ventral,_23,classification_results_test.xlsx,0.8250
fv_ventral,_24,classification_results_test.xlsx,0.8500
fv_ventral,_25,classification_results_test.xlsx,1.0000
fv_ventral,_26,classification_results_test.xlsx,0.8750
fv_ventral,_27,classification_results_test.xlsx,0.9750
fv_ventral,_28,classification_results_test.xlsx,0.9750
fv_ventral,_29,classification_results_test.xlsx,0.8750
fv_ventral,_3,classification_results_test.xlsx,0.9000
fv_ventral,_30,classification_results_test.xlsx,0.9500
fv_ventral,_31,classification_results_test.xlsx,0.8500
fv_ventral,_32,classification_results_test.xlsx,0.9000
fv_ventral,_33,classification_results_test.xlsx,0.9750
fv_ventral,_34,classification_results_test.xlsx,0.9500
fv_ventral,_35,classification_results_test.xlsx,0.9250
fv_ventral,_36,classification_results_test.xlsx,0.8750
fv_ventral,_37,classification_results_test.xlsx,0.8250
fv_ventral,_38,classification_results_test.xlsx,0.8250
fv_ventral,_39,classification_results_test.xlsx,0.9500
fv_ventral,_4,classification_results_test.xlsx,0.9500
fv_ventral,_40,classification_results_test.xlsx,0.8250
fv_ventral,_41,classification_results_test.xlsx,0.8000
fv_ventral,_42,classification_results_test.xlsx,0.9000
fv_ventral,_43,classification_results_test.xlsx,0.9500
fv_ventral,_44,classification_results_test.xlsx,0.9500
fv_ventral,_45,classification_results_test.xlsx,0.9500
fv_ventral,_46,classification_results_test.xlsx,0.8500
fv_ventral,_47,classification_results_test.xlsx,0.9250
fv_ventral,_48,classification_results_test.xlsx,0.8750
fv_ventral,_49,classification_results_test.xlsx,0.8250
fv_ventral,_5,classification_results_test.xlsx,0.9000
fv_ventral,_50,classification_results_test.xlsx,0.9000
fv_ventral,_51,classification_results_test.xlsx,0.9500
fv_ventral,_52,classification_results_test.xlsx,0.8500
fv_ventral,_53,classification_results_test.xlsx,0.9500
fv_ventral,_54,classification_results_test.xlsx,0.9250
fv_ventral,_55,classification_results_test.xlsx,0.9500
fv_ventral,_56,classification_results_test.xlsx,0.8750
fv_ventral,_57,classification_results_test.xlsx,0.9500
fv_ventral,_58,classification_results_test.xlsx,0.9500
fv_ventral,_59,classification_results_test.xlsx,0.9750
fv_ventral,_6,classification_results_test.xlsx,0.9500
fv_ventral,_60,classification_results_test.xlsx,0.7500
fv_ventral,_61,classification_results_test.xlsx,0.8750
fv_ventral,_62,classification_results_test.xlsx,0.9000
fv_ventral,_63,classification_results_test.xlsx,0.9250
fv_ventral,_64,classification_results_test.xlsx,0.9000
fv_ventral,_65,classification_results_test.xlsx,0.9500
fv_ventral,_66,classification_results_test.xlsx,0.9000
fv_ventral,_67,classification_results_test.xlsx,0.9250
fv_ventral,_68,classification_results_test.xlsx,0.9500
fv_ventral,_69,classification_results_test.xlsx,0.9500
fv_ventral,_7,classification_results_test.xlsx,0.9250
fv_ventral,_70,classification_results_test.xlsx,0.8250
fv_ventral,_71,classification_results_test.xlsx,0.9000
fv_ventral,_72,classification_results_test.xlsx,0.9750
fv_ventral,_73,classification_results_test.xlsx,0.9750
fv_ventral,_74,classification_results_test.xlsx,0.9500
fv_ventral,_75,classification_results_test.xlsx,0.9750
fv_ventral,_76,classification_results_test.xlsx,0.8500
fv_ventral,_77,classification_results_test.xlsx,0.8250
fv_ventral,_78,classification_results_test.xlsx,0.9250
fv_ventral,_79,classification_results_test.xlsx,0.9500
fv_ventral,_8,classification_results_test.xlsx,0.9500
fv_ventral,_80,classification_results_test.xlsx,0.8750
fv_ventral,_81,classification_results_test.xlsx,0.9000
fv_ventral,_82,classification_results_test.xlsx,0.8750
fv_ventral,_83,classification_results_test.xlsx,0.8500
fv_ventral,_84,classification_results_test.xlsx,0.9500
fv_ventral,_85,classification_results_test.xlsx,0.9500
fv_ventral,_86,classification_results_test.xlsx,0.9500
fv_ventral,_87,classification_results_test.xlsx,0.8750
fv_ventral,_88,classification_results_test.xlsx,0.9500
fv_ventral,_89,classification_results_test.xlsx,0.9500
fv_ventral,_9,classification_results_test.xlsx,1.0000
fv_ventral,_90,classification_results_test.xlsx,0.8500
fv_ventral,_91,classification_results_test.xlsx,0.9500
fv_ventral,_92,classification_results_test.xlsx,0.9000
fv_ventral,_93,classification_results_test.xlsx,0.9500
fv_ventral,_94,classification_results_test.xlsx,0.9500
fv_ventral,_95,classification_results_test.xlsx,0.9000
fv_ventral,_96,classification_results_test.xlsx,0.8750
fv_ventral,_97,classification_results_test.xlsx,0.9500
fv_ventral,_98,classification_results_test.xlsx,1.0000
fv_ventral,_99,classification_results_test.xlsx,0.8500
fv_ventral_mixed,_1,classification_results_test.xlsx,0.4500
fv_ventral_mixed,_10,classification_results_test.xlsx,0.7000
fv_ventral_mixed,_100,classification_results_test.xlsx,0.5000
fv_ventral_mixed,_11,classification_results_test.xlsx,0.5000
fv_ventral_mixed,_12,classification_results_test.xlsx,0.5000
fv_ventral_mixed,_13,classification_results_test.xlsx,0.4500
fv_ventral_mixed,_14,classification_results_test.xlsx,0.5000
fv_ventral_mixed,_15,classification_results_test.xlsx,0.5250
fv_ventral_mixed,_16,classification_results_test.xlsx,0.4750
fv_ventral_mixed,_17,classification_results_test.xlsx,0.4500
fv_ventral_mixed,_18,classification_results_test.xlsx,0.5000
fv_ventral_mixed,_19,classification_results_test.xlsx,0.6250
fv_ventral_mixed,_2,classification_results_test.xlsx,0.5000
fv_ventral_mixed,_20,classification_results_test.xlsx,0.5500
fv_ventral_mixed,_21,classification_results_test.xlsx,0.6000
fv_ventral_mixed,_22,classification_results_test.xlsx,0.4250
fv_ventral_mixed,_23,classification_results_test.xlsx,0.5250
fv_ventral_mixed,_24,classification_results_test.xlsx,0.5000
fv_ventral_mixed,_25,classification_results_test.xlsx,0.5000
fv_ventral_mixed,_26,classification_results_test.xlsx,0.5250
fv_ventral_mixed,_27,classification_results_test.xlsx,0.4500
fv_ventral_mixed,_28,classification_results_test.xlsx,0.5000
fv_ventral_mixed,_29,classification_results_test.xlsx,0.4750
fv_ventral_mixed,_3,classification_results_test.xlsx,0.5000
fv_ventral_mixed,_30,classification_results_test.xlsx,0.5500
fv_ventral_mixed,_31,classification_results_test.xlsx,0.5000
fv_ventral_mixed,_32,classification_results_test.xlsx,0.4250
fv_ventral_mixed,_33,classification_results_test.xlsx,0.4500
fv_ventral_mixed,_34,classification_results_test.xlsx,0.5000
fv_ventral_mixed,_35,classification_results_test.xlsx,0.4250
fv_ventral_mixed,_36,classification_results_test.xlsx,0.5500
fv_ventral_mixed,_37,classification_results_test.xlsx,0.5000
fv_ventral_mixed,_38,classification_results_test.xlsx,0.5000
fv_ventral_mixed,_39,classification_results_test.xlsx,0.5000
fv_ventral_mixed,_4,classification_results_test.xlsx,0.4750
fv_ventral_mixed,_40,classification_results_test.xlsx,0.5000
fv_ventral_mixed,_41,classification_results_test.xlsx,0.5000
fv_ventral_mixed,_42,classification_results_test.xlsx,0.4750
fv_ventral_mixed,_43,classification_results_test.xlsx,0.4750
fv_ventral_mixed,_44,classification_results_test.xlsx,0.5000
fv_ventral_mixed,_45,classification_results_test.xlsx,0.5000
fv_ventral_mixed,_46,classification_results_test.xlsx,0.4500
fv_ventral_mixed,_47,classification_results_test.xlsx,0.5000
fv_ventral_mixed,_48,classification_results_test.xlsx,0.5000
fv_ventral_mixed,_49,classification_results_test.xlsx,0.3250
fv_ventral_mixed,_5,classification_results_test.xlsx,0.4250
fv_ventral_mixed,_50,classification_results_test.xlsx,0.4000
fv_ventral_mixed,_51,classification_results_test.xlsx,0.5750
fv_ventral_mixed,_52,classification_results_test.xlsx,0.5250
fv_ventral_mixed,_53,classification_results_test.xlsx,0.5000
fv_ventral_mixed,_54,classification_results_test.xlsx,0.4000
fv_ventral_mixed,_55,classification_results_test.xlsx,0.4750
fv_ventral_mixed,_56,classification_results_test.xlsx,0.5000
fv_ventral_mixed,_57,classification_results_test.xlsx,0.4750
fv_ventral_mixed,_58,classification_results_test.xlsx,0.4500
fv_ventral_mixed,_59,classification_results_test.xlsx,0.5250
fv_ventral_mixed,_6,classification_results_test.xlsx,0.5000
fv_ventral_mixed,_60,classification_results_test.xlsx,0.5500
fv_ventral_mixed,_61,classification_results_test.xlsx,0.5500
fv_ventral_mixed,_62,classification_results_test.xlsx,0.4500
fv_ventral_mixed,_63,classification_results_test.xlsx,0.5000
fv_ventral_mixed,_64,classification_results_test.xlsx,0.4500
fv_ventral_mixed,_65,classification_results_test.xlsx,0.4750
fv_ventral_mixed,_66,classification_results_test.xlsx,0.5000
fv_ventral_mixed,_67,classification_results_test.xlsx,0.5000
fv_ventral_mixed,_68,classification_results_test.xlsx,0.5250
fv_ventral_mixed,_69,classification_results_test.xlsx,0.5500
fv_ventral_mixed,_7,classification_results_test.xlsx,0.5500
fv_ventral_mixed,_70,classification_results_test.xlsx,0.4750
fv_ventral_mixed,_71,classification_results_test.xlsx,0.5000
fv_ventral_mixed,_72,classification_results_test.xlsx,0.5500
fv_ventral_mixed,_73,classification_results_test.xlsx,0.5750
fv_ventral_mixed,_74,classification_results_test.xlsx,0.5000
fv_ventral_mixed,_75,classification_results_test.xlsx,0.4250
fv_ventral_mixed,_76,classification_results_test.xlsx,0.5750
fv_ventral_mixed,_77,classification_results_test.xlsx,0.5000
fv_ventral_mixed,_78,classification_results_test.xlsx,0.4250
fv_ventral_mixed,_79,classification_results_test.xlsx,0.5000
fv_ventral_mixed,_8,classification_results_test.xlsx,0.4750
fv_ventral_mixed,_80,classification_results_test.xlsx,0.5000
fv_ventral_mixed,_81,classification_results_test.xlsx,0.5000
fv_ventral_mixed,_82,classification_results_test.xlsx,0.5000
fv_ventral_mixed,_83,classification_results_test.xlsx,0.5750
fv_ventral_mixed,_84,classification_results_test.xlsx,0.4500
fv_ventral_mixed,_85,classification_results_test.xlsx,0.5250
fv_ventral_mixed,_86,classification_results_test.xlsx,0.3750
fv_ventral_mixed,_87,classification_results_test.xlsx,0.4000
fv_ventral_mixed,_88,classification_results_test.xlsx,0.5250
fv_ventral_mixed,_89,classification_results_test.xlsx,0.4750
fv_ventral_mixed,_9,classification_results_test.xlsx,0.5750
fv_ventral_mixed,_90,classification_results_test.xlsx,0.4250
fv_ventral_mixed,_91,classification_results_test.xlsx,0.5000
fv_ventral_mixed,_92,classification_results_test.xlsx,0.5000
fv_ventral_mixed,_93,classification_results_test.xlsx,0.3750
fv_ventral_mixed,_94,classification_results_test.xlsx,0.3750
fv_ventral_mixed,_95,classification_results_test.xlsx,0.4750
fv_ventral_mixed,_96,classification_results_test.xlsx,0.5250
fv_ventral_mixed,_97,classification_results_test.xlsx,0.4500
fv_ventral_mixed,_98,classification_results_test.xlsx,0.5000
fv_ventral_mixed,_99,classification_results_test.xlsx,0.4500
lc_dorasl,_1,classification_results_test.xlsx,0.8750
lc_dorasl,_10,classification_results_test.xlsx,0.9000
lc_dorasl,_100,classification_results_test.xlsx,0.8250
lc_dorasl,_11,classification_results_test.xlsx,0.9500
lc_dorasl,_12,classification_results_test.xlsx,0.8500
lc_dorasl,_13,classification_results_test.xlsx,0.9750
lc_dorasl,_14,classification_results_test.xlsx,0.9250
lc_dorasl,_15,classification_results_test.xlsx,0.8500
lc_dorasl,_16,classification_results_test.xlsx,0.7250
lc_dorasl,_17,classification_results_test.xlsx,0.9250
lc_dorasl,_18,classification_results_test.xlsx,0.9500
lc_dorasl,_19,classification_results_test.xlsx,0.9750
lc_dorasl,_2,classification_results_test.xlsx,0.9000
lc_dorasl,_20,classification_results_test.xlsx,0.9500
lc_dorasl,_21,classification_results_test.xlsx,0.8750
lc_dorasl,_22,classification_results_test.xlsx,0.8250
lc_dorasl,_23,classification_results_test.xlsx,0.8750
lc_dorasl,_24,classification_results_test.xlsx,0.8000
lc_dorasl,_25,classification_results_test.xlsx,0.7250
lc_dorasl,_26,classification_results_test.xlsx,0.8250
lc_dorasl,_27,classification_results_test.xlsx,0.9750
lc_dorasl,_28,classification_results_test.xlsx,0.9750
lc_dorasl,_29,classification_results_test.xlsx,0.9000
lc_dorasl,_3,classification_results_test.xlsx,0.9000
lc_dorasl,_30,classification_results_test.xlsx,0.9000
lc_dorasl,_31,classification_results_test.xlsx,0.9500
lc_dorasl,_32,classification_results_test.xlsx,0.8750
lc_dorasl,_33,classification_results_test.xlsx,0.9000
lc_dorasl,_34,classification_results_test.xlsx,0.8500
lc_dorasl,_35,classification_results_test.xlsx,0.8750
lc_dorasl,_36,classification_results_test.xlsx,0.9000
lc_dorasl,_37,classification_results_test.xlsx,0.8500
lc_dorasl,_38,classification_results_test.xlsx,0.9750
lc_dorasl,_39,classification_results_test.xlsx,0.8750
lc_dorasl,_4,classification_results_test.xlsx,0.8500
lc_dorasl,_40,classification_results_test.xlsx,0.9250
lc_dorasl,_41,classification_results_test.xlsx,0.8750
lc_dorasl,_42,classification_results_test.xlsx,0.8500
lc_dorasl,_43,classification_results_test.xlsx,0.8750
lc_dorasl,_44,classification_results_test.xlsx,0.8750
lc_dorasl,_45,classification_results_test.xlsx,0.9750
lc_dorasl,_46,classification_results_test.xlsx,0.8250
lc_dorasl,_47,classification_results_test.xlsx,0.8750
lc_dorasl,_48,classification_results_test.xlsx,0.6750
lc_dorasl,_49,classification_results_test.xlsx,0.9000
lc_dorasl,_5,classification_results_test.xlsx,0.8000
lc_dorasl,_50,classification_results_test.xlsx,0.8250
lc_dorasl,_51,classification_results_test.xlsx,0.9750
lc_dorasl,_52,classification_results_test.xlsx,0.6250
lc_dorasl,_53,classification_results_test.xlsx,0.8750
lc_dorasl,_54,classification_results_test.xlsx,0.9000
lc_dorasl,_55,classification_results_test.xlsx,0.8750
lc_dorasl,_56,classification_results_test.xlsx,0.9500
lc_dorasl,_57,classification_results_test.xlsx,0.8000
lc_dorasl,_58,classification_results_test.xlsx,0.8250
lc_dorasl,_59,classification_results_test.xlsx,0.9000
lc_dorasl,_6,classification_results_test.xlsx,0.8500
lc_dorasl,_60,classification_results_test.xlsx,0.9250
lc_dorasl,_61,classification_results_test.xlsx,0.9250
lc_dorasl,_62,classification_results_test.xlsx,0.8750
lc_dorasl,_63,classification_results_test.xlsx,0.9000
lc_dorasl,_64,classification_results_test.xlsx,0.9250
lc_dorasl,_65,classification_results_test.xlsx,0.8500
lc_dorasl,_66,classification_results_test.xlsx,0.9250
lc_dorasl,_67,classification_results_test.xlsx,0.8250
lc_dorasl,_68,classification_results_test.xlsx,0.8500
lc_dorasl,_69,classification_results_test.xlsx,0.8750
lc_dorasl,_7,classification_results_test.xlsx,0.9000
lc_dorasl,_70,classification_results_test.xlsx,0.9250
lc_dorasl,_71,classification_results_test.xlsx,0.8500
lc_dorasl,_72,classification_results_test.xlsx,0.8500
lc_dorasl,_73,classification_results_test.xlsx,0.9250
lc_dorasl,_74,classification_results_test.xlsx,0.8250
lc_dorasl,_75,classification_results_test.xlsx,0.9250
lc_dorasl,_76,classification_results_test.xlsx,0.9250
lc_dorasl,_77,classification_results_test.xlsx,0.9500
lc_dorasl,_78,classification_results_test.xlsx,0.8250
lc_dorasl,_79,classification_results_test.xlsx,0.9000
lc_dorasl,_8,classification_results_test.xlsx,0.8750
lc_dorasl,_80,classification_results_test.xlsx,0.9250
lc_dorasl,_81,classification_results_test.xlsx,0.8000
lc_dorasl,_82,classification_results_test.xlsx,0.9000
lc_dorasl,_83,classification_results_test.xlsx,0.9000
lc_dorasl,_84,classification_results_test.xlsx,0.9000
lc_dorasl,_85,classification_results_test.xlsx,0.9250
lc_dorasl,_86,classification_results_test.xlsx,0.9000
lc_dorasl,_87,classification_results_test.xlsx,0.8750
lc_dorasl,_88,classification_results_test.xlsx,0.7250
lc_dorasl,_89,classification_results_test.xlsx,0.8500
lc_dorasl,_9,classification_results_test.xlsx,0.9500
lc_dorasl,_90,classification_results_test.xlsx,0.8750
lc_dorasl,_91,classification_results_test.xlsx,0.9000
lc_dorasl,_92,classification_results_test.xlsx,0.8250
lc_dorasl,_93,classification_results_test.xlsx,0.9750
lc_dorasl,_94,classification_results_test.xlsx,0.9250
lc_dorasl,_95,classification_results_test.xlsx,0.8750
lc_dorasl,_96,classification_results_test.xlsx,0.8750
lc_dorasl,_97,classification_results_test.xlsx,0.9000
lc_dorasl,_98,classification_results_test.xlsx,0.5250
lc_dorasl,_99,classification_results_test.xlsx,0.8250
lc_dorsal_mixed,_1,classification_results_test.xlsx,0.5000
lc_dorsal_mixed,_10,classification_results_test.xlsx,0.5000
lc_dorsal_mixed,_100,classification_results_test.xlsx,0.5000
lc_dorsal_mixed,_11,classification_results_test.xlsx,0.5000
lc_dorsal_mixed,_12,classification_results_test.xlsx,0.5000
lc_dorsal_mixed,_13,classification_results_test.xlsx,0.7000
lc_dorsal_mixed,_14,classification_results_test.xlsx,0.5000
lc_dorsal_mixed,_15,classification_results_test.xlsx,0.6250
lc_dorsal_mixed,_16,classification_results_test.xlsx,0.6250
lc_dorsal_mixed,_17,classification_results_test.xlsx,0.5500
lc_dorsal_mixed,_18,classification_results_test.xlsx,0.4750
lc_dorsal_mixed,_19,classification_results_test.xlsx,0.6000
lc_dorsal_mixed,_2,classification_results_test.xlsx,0.4500
lc_dorsal_mixed,_20,classification_results_test.xlsx,0.6000
lc_dorsal_mixed,_21,classification_results_test.xlsx,0.4750
lc_dorsal_mixed,_22,classification_results_test.xlsx,0.7000
lc_dorsal_mixed,_23,classification_results_test.xlsx,0.5000
lc_dorsal_mixed,_24,classification_results_test.xlsx,0.5000
lc_dorsal_mixed,_25,classification_results_test.xlsx,0.5250
lc_dorsal_mixed,_26,classification_results_test.xlsx,0.5750
lc_dorsal_mixed,_27,classification_results_test.xlsx,0.5000
lc_dorsal_mixed,_28,classification_results_test.xlsx,0.5250
lc_dorsal_mixed,_29,classification_results_test.xlsx,0.5500
lc_dorsal_mixed,_3,classification_results_test.xlsx,0.7000
lc_dorsal_mixed,_30,classification_results_test.xlsx,0.4750
lc_dorsal_mixed,_31,classification_results_test.xlsx,0.4500
lc_dorsal_mixed,_32,classification_results_test.xlsx,0.5000
lc_dorsal_mixed,_33,classification_results_test.xlsx,0.5000
lc_dorsal_mixed,_34,classification_results_test.xlsx,0.5000
lc_dorsal_mixed,_35,classification_results_test.xlsx,0.5000
lc_dorsal_mixed,_36,classification_results_test.xlsx,0.6500
lc_dorsal_mixed,_37,classification_results_test.xlsx,0.5000
lc_dorsal_mixed,_38,classification_results_test.xlsx,0.5000
lc_dorsal_mixed,_39,classification_results_test.xlsx,0.5250
lc_dorsal_mixed,_4,classification_results_test.xlsx,0.6250
lc_dorsal_mixed,_40,classification_results_test.xlsx,0.5500
lc_dorsal_mixed,_41,classification_results_test.xlsx,0.4000
lc_dorsal_mixed,_42,classification_results_test.xlsx,0.5500
lc_dorsal_mixed,_43,classification_results_test.xlsx,0.5000
lc_dorsal_mixed,_44,classification_results_test.xlsx,0.5250
lc_dorsal_mixed,_45,classification_results_test.xlsx,0.5000
lc_dorsal_mixed,_46,classification_results_test.xlsx,0.5500
lc_dorsal_mixed,_47,classification_results_test.xlsx,0.5750
lc_dorsal_mixed,_48,classification_results_test.xlsx,0.6250
lc_dorsal_mixed,_49,classification_results_test.xlsx,0.6500
lc_dorsal_mixed,_5,classification_results_test.xlsx,0.6250
lc_dorsal_mixed,_50,classification_results_test.xlsx,0.5000
lc_dorsal_mixed,_51,classification_results_test.xlsx,0.5250
lc_dorsal_mixed,_52,classification_results_test.xlsx,0.6000
lc_dorsal_mixed,_53,classification_results_test.xlsx,0.5000
lc_dorsal_mixed,_54,classification_results_test.xlsx,0.5750
lc_dorsal_mixed,_55,classification_results_test.xlsx,0.4750
lc_dorsal_mixed,_56,classification_results_test.xlsx,0.5000
lc_dorsal_mixed,_57,classification_results_test.xlsx,0.4750
lc_dorsal_mixed,_58,classification_results_test.xlsx,0.5000
lc_dorsal_mixed,_59,classification_results_test.xlsx,0.4750
lc_dorsal_mixed,_6,classification_results_test.xlsx,0.5250
lc_dorsal_mixed,_60,classification_results_test.xlsx,0.5000
lc_dorsal_mixed,_61,classification_results_test.xlsx,0.4750
lc_dorsal_mixed,_62,classification_results_test.xlsx,0.4750
lc_dorsal_mixed,_63,classification_results_test.xlsx,0.5750
lc_dorsal_mixed,_64,classification_results_test.xlsx,0.6000
lc_dorsal_mixed,_65,classification_results_test.xlsx,0.5000
lc_dorsal_mixed,_66,classification_results_test.xlsx,0.5000
lc_dorsal_mixed,_67,classification_results_test.xlsx,0.5000
lc_dorsal_mixed,_68,classification_results_test.xlsx,0.5250
lc_dorsal_mixed,_69,classification_results_test.xlsx,0.5000
lc_dorsal_mixed,_7,classification_results_test.xlsx,0.5000
lc_dorsal_mixed,_70,classification_results_test.xlsx,0.5000
lc_dorsal_mixed,_71,classification_results_test.xlsx,0.4250
lc_dorsal_mixed,_72,classification_results_test.xlsx,0.4500
lc_dorsal_mixed,_73,classification_results_test.xlsx,0.5000
lc_dorsal_mixed,_74,classification_results_test.xlsx,0.5500
lc_dorsal_mixed,_75,classification_results_test.xlsx,0.5250
lc_dorsal_mixed,_76,classification_results_test.xlsx,0.4250
lc_dorsal_mixed,_77,classification_results_test.xlsx,0.5000
lc_dorsal_mixed,_78,classification_results_test.xlsx,0.5250
lc_dorsal_mixed,_79,classification_results_test.xlsx,0.4500
lc_dorsal_mixed,_8,classification_results_test.xlsx,0.5000
lc_dorsal_mixed,_80,classification_results_test.xlsx,0.5000
lc_dorsal_mixed,_81,classification_results_test.xlsx,0.5000
lc_dorsal_mixed,_82,classification_results_test.xlsx,0.4750
lc_dorsal_mixed,_83,classification_results_test.xlsx,0.5750
lc_dorsal_mixed,_84,classification_results_test.xlsx,0.5000
lc_dorsal_mixed,_85,classification_results_test.xlsx,0.5000
lc_dorsal_mixed,_86,classification_results_test.xlsx,0.7000
lc_dorsal_mixed,_87,classification_results_test.xlsx,0.5000
lc_dorsal_mixed,_88,classification_results_test.xlsx,0.5000
lc_dorsal_mixed,_89,classification_results_test.xlsx,0.6500
lc_dorsal_mixed,_9,classification_results_test.xlsx,0.5000
lc_dorsal_mixed,_90,classification_results_test.xlsx,0.5000
lc_dorsal_mixed,_91,classification_results_test.xlsx,0.5000
lc_dorsal_mixed,_92,classification_results_test.xlsx,0.4750
lc_dorsal_mixed,_93,classification_results_test.xlsx,0.2750
lc_dorsal_mixed,_94,classification_results_test.xlsx,0.5000
lc_dorsal_mixed,_95,classification_results_test.xlsx,0.5000
lc_dorsal_mixed,_96,classification_results_test.xlsx,0.4750
lc_dorsal_mixed,_97,classification_results_test.xlsx,0.5250
lc_dorsal_mixed,_98,classification_results_test.xlsx,0.4250
lc_dorsal_mixed,_99,classification_results_test.xlsx,0.5000
lc_ventral,_1,classification_results_test.xlsx,0.9000
lc_ventral,_10,classification_results_test.xlsx,0.8250
lc_ventral,_100,classification_results_test.xlsx,0.8750
lc_ventral,_11,classification_results_test.xlsx,0.9000
lc_ventral,_12,classification_results_test.xlsx,0.8750
lc_ventral,_13,classification_results_test.xlsx,0.9000
lc_ventral,_14,classification_results_test.xlsx,0.9000
lc_ventral,_15,classification_results_test.xlsx,0.9250
lc_ventral,_16,classification_results_test.xlsx,0.9500
lc_ventral,_17,classification_results_test.xlsx,0.8500
lc_ventral,_18,classification_results_test.xlsx,0.8750
lc_ventral,_19,classification_results_test.xlsx,0.8000
lc_ventral,_2,classification_results_test.xlsx,0.9500
lc_ventral,_20,classification_results_test.xlsx,0.9500
lc_ventral,_21,classification_results_test.xlsx,0.8750
lc_ventral,_22,classification_results_test.xlsx,0.9500
lc_ventral,_23,classification_results_test.xlsx,0.9000
lc_ventral,_24,classification_results_test.xlsx,0.9000
lc_ventral,_25,classification_results_test.xlsx,0.8250
lc_ventral,_26,classification_results_test.xlsx,0.9000
lc_ventral,_27,classification_results_test.xlsx,0.9250
lc_ventral,_28,classification_results_test.xlsx,0.8750
lc_ventral,_29,classification_results_test.xlsx,0.9000
lc_ventral,_3,classification_results_test.xlsx,0.8000
lc_ventral,_30,classification_results_test.xlsx,0.9250
lc_ventral,_31,classification_results_test.xlsx,0.9750
lc_ventral,_32,classification_results_test.xlsx,0.9250
lc_ventral,_33,classification_results_test.xlsx,0.9500
lc_ventral,_34,classification_results_test.xlsx,0.9250
lc_ventral,_35,classification_results_test.xlsx,1.0000
lc_ventral,_36,classification_results_test.xlsx,1.0000
lc_ventral,_37,classification_results_test.xlsx,0.8750
lc_ventral,_38,classification_results_test.xlsx,0.8750
lc_ventral,_39,classification_results_test.xlsx,0.8750
lc_ventral,_4,classification_results_test.xlsx,0.9000
lc_ventral,_40,classification_results_test.xlsx,0.9250
lc_ventral,_41,classification_results_test.xlsx,0.9000
lc_ventral,_42,classification_results_test.xlsx,0.9250
lc_ventral,_43,classification_results_test.xlsx,0.8500
lc_ventral,_44,classification_results_test.xlsx,0.9250
lc_ventral,_45,classification_results_test.xlsx,0.8000
lc_ventral,_46,classification_results_test.xlsx,0.7750
lc_ventral,_47,classification_results_test.xlsx,0.8750
lc_ventral,_48,classification_results_test.xlsx,0.9000
lc_ventral,_49,classification_results_test.xlsx,0.8750
lc_ventral,_5,classification_results_test.xlsx,0.8750
lc_ventral,_50,classification_results_test.xlsx,0.8000
lc_ventral,_51,classification_results_test.xlsx,0.9500
lc_ventral,_52,classification_results_test.xlsx,0.9250
lc_ventral,_53,classification_results_test.xlsx,0.8750
lc_ventral,_54,classification_results_test.xlsx,0.9500
lc_ventral,_55,classification_results_test.xlsx,0.8750
lc_ventral,_56,classification_results_test.xlsx,0.8500
lc_ventral,_57,classification_results_test.xlsx,0.9000
lc_ventral,_58,classification_results_test.xlsx,0.9250
lc_ventral,_59,classification_results_test.xlsx,0.8750
lc_ventral,_6,classification_results_test.xlsx,0.8750
lc_ventral,_60,classification_results_test.xlsx,0.8750
lc_ventral,_61,classification_results_test.xlsx,0.9250
lc_ventral,_62,classification_results_test.xlsx,0.9250
lc_ventral,_63,classification_results_test.xlsx,0.9500
lc_ventral,_64,classification_results_test.xlsx,0.7000
lc_ventral,_65,classification_results_test.xlsx,0.9250
lc_ventral,_66,classification_results_test.xlsx,0.9500
lc_ventral,_67,classification_results_test.xlsx,0.9000
lc_ventral,_68,classification_results_test.xlsx,0.7750
lc_ventral,_69,classification_results_test.xlsx,0.9500
lc_ventral,_7,classification_results_test.xlsx,0.7750
lc_ventral,_70,classification_results_test.xlsx,0.9000
lc_ventral,_71,classification_results_test.xlsx,0.8500
lc_ventral,_72,classification_results_test.xlsx,0.9500
lc_ventral,_73,classification_results_test.xlsx,0.9000
lc_ventral,_74,classification_results_test.xlsx,0.9000
lc_ventral,_75,classification_results_test.xlsx,0.8750
lc_ventral,_76,classification_results_test.xlsx,0.8750
lc_ventral,_77,classification_results_test.xlsx,0.8500
lc_ventral,_78,classification_results_test.xlsx,0.6500
lc_ventral,_79,classification_results_test.xlsx,0.8250
lc_ventral,_8,classification_results_test.xlsx,0.9500
lc_ventral,_80,classification_results_test.xlsx,0.9750
lc_ventral,_81,classification_results_test.xlsx,0.9000
lc_ventral,_82,classification_results_test.xlsx,0.8750
lc_ventral,_83,classification_results_test.xlsx,0.8000
lc_ventral,_84,classification_results_test.xlsx,0.9000
lc_ventral,_85,classification_results_test.xlsx,0.8750
lc_ventral,_86,classification_results_test.xlsx,0.9250
lc_ventral,_87,classification_results_test.xlsx,0.9000
lc_ventral,_88,classification_results_test.xlsx,0.9000
lc_ventral,_89,classification_results_test.xlsx,0.9750
lc_ventral,_9,classification_results_test.xlsx,0.9000
lc_ventral,_90,classification_results_test.xlsx,0.7250
lc_ventral,_91,classification_results_test.xlsx,0.8750
lc_ventral,_92,classification_results_test.xlsx,0.9750
lc_ventral,_93,classification_results_test.xlsx,0.9500
lc_ventral,_94,classification_results_test.xlsx,0.9000
lc_ventral,_95,classification_results_test.xlsx,0.9000
lc_ventral,_96,classification_results_test.xlsx,0.9000
lc_ventral,_97,classification_results_test.xlsx,0.9250
lc_ventral,_98,classification_results_test.xlsx,0.8250
lc_ventral,_99,classification_results_test.xlsx,0.9500
lc_ventral_mixed,_1,classification_results_test.xlsx,0.4750
lc_ventral_mixed,_10,classification_results_test.xlsx,0.4000
lc_ventral_mixed,_101,classification_results_test.xlsx,0.4000
lc_ventral_mixed,_1010,classification_results_test.xlsx,0.5000
lc_ventral_mixed,_11,classification_results_test.xlsx,0.5250
lc_ventral_mixed,_1111,classification_results_test.xlsx,0.4750
lc_ventral_mixed,_12,classification_results_test.xlsx,0.5000
lc_ventral_mixed,_1212,classification_results_test.xlsx,0.3750
lc_ventral_mixed,_13,classification_results_test.xlsx,0.4000
lc_ventral_mixed,_1313,classification_results_test.xlsx,0.5250
lc_ventral_mixed,_14,classification_results_test.xlsx,0.5000
lc_ventral_mixed,_1414,classification_results_test.xlsx,0.4750
lc_ventral_mixed,_15,classification_results_test.xlsx,0.5000
lc_ventral_mixed,_1515,classification_results_test.xlsx,0.5000
lc_ventral_mixed,_16,classification_results_test.xlsx,0.5000
lc_ventral_mixed,_1616,classification_results_test.xlsx,0.4500
lc_ventral_mixed,_17,classification_results_test.xlsx,0.4750
lc_ventral_mixed,_1717,classification_results_test.xlsx,0.5000
lc_ventral_mixed,_18,classification_results_test.xlsx,0.4000
lc_ventral_mixed,_1818,classification_results_test.xlsx,0.4250
lc_ventral_mixed,_19,classification_results_test.xlsx,0.4500
lc_ventral_mixed,_1919,classification_results_test.xlsx,0.4750
lc_ventral_mixed,_2,classification_results_test.xlsx,0.5000
lc_ventral_mixed,_20,classification_results_test.xlsx,0.4750
lc_ventral_mixed,_202,classification_results_test.xlsx,0.4000
lc_ventral_mixed,_2020,classification_results_test.xlsx,0.4250
lc_ventral_mixed,_21,classification_results_test.xlsx,0.5000
lc_ventral_mixed,_2121,classification_results_test.xlsx,0.4250
lc_ventral_mixed,_22,classification_results_test.xlsx,0.5000
lc_ventral_mixed,_2222,classification_results_test.xlsx,0.4750
lc_ventral_mixed,_23,classification_results_test.xlsx,0.4250
lc_ventral_mixed,_2323,classification_results_test.xlsx,0.3250
lc_ventral_mixed,_24,classification_results_test.xlsx,0.5000
lc_ventral_mixed,_2424,classification_results_test.xlsx,0.5000
lc_ventral_mixed,_25,classification_results_test.xlsx,0.4000
lc_ventral_mixed,_2525,classification_results_test.xlsx,0.3750
lc_ventral_mixed,_26,classification_results_test.xlsx,0.5250
lc_ventral_mixed,_2626,classification_results_test.xlsx,0.5250
lc_ventral_mixed,_27,classification_results_test.xlsx,0.5750
lc_ventral_mixed,_2727,classification_results_test.xlsx,0.4250
lc_ventral_mixed,_28,classification_results_test.xlsx,0.5000
lc_ventral_mixed,_2828,classification_results_test.xlsx,0.5000
lc_ventral_mixed,_29,classification_results_test.xlsx,0.5000
lc_ventral_mixed,_2929,classification_results_test.xlsx,0.4500
lc_ventral_mixed,_3,classification_results_test.xlsx,0.4000
lc_ventral_mixed,_30,classification_results_test.xlsx,0.5000
lc_ventral_mixed,_303,classification_results_test.xlsx,0.5000
lc_ventral_mixed,_3030,classification_results_test.xlsx,0.5000
lc_ventral_mixed,_31,classification_results_test.xlsx,0.5000
lc_ventral_mixed,_3131,classification_results_test.xlsx,0.5000
lc_ventral_mixed,_32,classification_results_test.xlsx,0.4250
lc_ventral_mixed,_3232,classification_results_test.xlsx,0.4500
lc_ventral_mixed,_33,classification_results_test.xlsx,0.5000
lc_ventral_mixed,_3333,classification_results_test.xlsx,0.4750
lc_ventral_mixed,_34,classification_results_test.xlsx,0.5000
lc_ventral_mixed,_3434,classification_results_test.xlsx,0.5000
lc_ventral_mixed,_35,classification_results_test.xlsx,0.4000
lc_ventral_mixed,_3535,classification_results_test.xlsx,0.5000
lc_ventral_mixed,_36,classification_results_test.xlsx,0.5000
lc_ventral_mixed,_3636,classification_results_test.xlsx,0.4750
lc_ventral_mixed,_37,classification_results_test.xlsx,0.5000
lc_ventral_mixed,_3737,classification_results_test.xlsx,0.4500
lc_ventral_mixed,_38,classification_results_test.xlsx,0.3000
lc_ventral_mixed,_3838,classification_results_test.xlsx,0.4500
lc_ventral_mixed,_39,classification_results_test.xlsx,0.5500
lc_ventral_mixed,_3939,classification_results_test.xlsx,0.4250
lc_ventral_mixed,_4,classification_results_test.xlsx,0.5000
lc_ventral_mixed,_40,classification_results_test.xlsx,0.3750
lc_ventral_mixed,_404,classification_results_test.xlsx,0.5000
lc_ventral_mixed,_4040,classification_results_test.xlsx,0.4000
lc_ventral_mixed,_41,classification_results_test.xlsx,0.4250
lc_ventral_mixed,_4141,classification_results_test.xlsx,0.3750
lc_ventral_mixed,_42,classification_results_test.xlsx,0.4750
lc_ventral_mixed,_4242,classification_results_test.xlsx,0.5000
lc_ventral_mixed,_43,classification_results_test.xlsx,0.4250
lc_ventral_mixed,_4343,classification_results_test.xlsx,0.5000
lc_ventral_mixed,_44,classification_results_test.xlsx,0.4500
lc_ventral_mixed,_4444,classification_results_test.xlsx,0.5000
lc_ventral_mixed,_45,classification_results_test.xlsx,0.4500
lc_ventral_mixed,_4545,classification_results_test.xlsx,0.5000
lc_ventral_mixed,_46,classification_results_test.xlsx,0.4000
lc_ventral_mixed,_4646,classification_results_test.xlsx,0.5000
lc_ventral_mixed,_47,classification_results_test.xlsx,0.5000
lc_ventral_mixed,_4747,classification_results_test.xlsx,0.6000
lc_ventral_mixed,_48,classification_results_test.xlsx,0.4000
lc_ventral_mixed,_4848,classification_results_test.xlsx,0.4250
lc_ventral_mixed,_49,classification_results_test.xlsx,0.3000
lc_ventral_mixed,_4949,classification_results_test.xlsx,0.5250
lc_ventral_mixed,_5,classification_results_test.xlsx,0.5250
lc_ventral_mixed,_50,classification_results_test.xlsx,0.3500
lc_ventral_mixed,_505,classification_results_test.xlsx,0.5000
lc_ventral_mixed,_51,classification_results_test.xlsx,0.5000
lc_ventral_mixed,_6,classification_results_test.xlsx,0.5000
lc_ventral_mixed,_606,classification_results_test.xlsx,0.4250
lc_ventral_mixed,_7,classification_results_test.xlsx,0.4750
lc_ventral_mixed,_707,classification_results_test.xlsx,0.3500
lc_ventral_mixed,_8,classification_results_test.xlsx,0.5000
lc_ventral_mixed,_808,classification_results_test.xlsx,0.4750
lc_ventral_mixed,_9,classification_results_test.xlsx,0.5000
lc_ventral_mixed,_909,classification_results_test.xlsx,0.4000
lg_dorsal,_1,classification_results_test.xlsx,0.6250
lg_dorsal,_10,classification_results_test.xlsx,0.6000
lg_dorsal,_100,classification_results_test.xlsx,0.6250
lg_dorsal,_11,classification_results_test.xlsx,0.5500
lg_dorsal,_12,classification_results_test.xlsx,0.5750
lg_dorsal,_13,classification_results_test.xlsx,0.5250
lg_dorsal,_14,classification_results_test.xlsx,0.5750
lg_dorsal,_15,classification_results_test.xlsx,0.6000
lg_dorsal,_16,classification_results_test.xlsx,0.5750
lg_dorsal,_17,classification_results_test.xlsx,0.5000
lg_dorsal,_18,classification_results_test.xlsx,0.5750
lg_dorsal,_19,classification_results_test.xlsx,0.6750
lg_dorsal,_2,classification_results_test.xlsx,0.4750
lg_dorsal,_20,classification_results_test.xlsx,0.6000
lg_dorsal,_21,classification_results_test.xlsx,0.6000
lg_dorsal,_22,classification_results_test.xlsx,0.7000
lg_dorsal,_23,classification_results_test.xlsx,0.4500
lg_dorsal,_24,classification_results_test.xlsx,0.5750
lg_dorsal,_25,classification_results_test.xlsx,0.4750
lg_dorsal,_26,classification_results_test.xlsx,0.6500
lg_dorsal,_27,classification_results_test.xlsx,0.4750
lg_dorsal,_28,classification_results_test.xlsx,0.4750
lg_dorsal,_29,classification_results_test.xlsx,0.4500
lg_dorsal,_3,classification_results_test.xlsx,0.5250
lg_dorsal,_30,classification_results_test.xlsx,0.4750
lg_dorsal,_31,classification_results_test.xlsx,0.7500
lg_dorsal,_32,classification_results_test.xlsx,0.6750
lg_dorsal,_33,classification_results_test.xlsx,0.6500
lg_dorsal,_34,classification_results_test.xlsx,0.4750
lg_dorsal,_35,classification_results_test.xlsx,0.6500
lg_dorsal,_36,classification_results_test.xlsx,0.6250
lg_dorsal,_37,classification_results_test.xlsx,0.6500
lg_dorsal,_38,classification_results_test.xlsx,0.6500
lg_dorsal,_39,classification_results_test.xlsx,0.6000
lg_dorsal,_4,classification_results_test.xlsx,0.6250
lg_dorsal,_40,classification_results_test.xlsx,0.6000
lg_dorsal,_41,classification_results_test.xlsx,0.5500
lg_dorsal,_42,classification_results_test.xlsx,0.5750
lg_dorsal,_43,classification_results_test.xlsx,0.6500
lg_dorsal,_44,classification_results_test.xlsx,0.6000
lg_dorsal,_45,classification_results_test.xlsx,0.6750
lg_dorsal,_46,classification_results_test.xlsx,0.6250
lg_dorsal,_47,classification_results_test.xlsx,0.6000
lg_dorsal,_48,classification_results_test.xlsx,0.5750
lg_dorsal,_49,classification_results_test.xlsx,0.4750
lg_dorsal,_5,classification_results_test.xlsx,0.5000
lg_dorsal,_50,classification_results_test.xlsx,0.5000
lg_dorsal,_51,classification_results_test.xlsx,0.5250
lg_dorsal,_52,classification_results_test.xlsx,0.5250
lg_dorsal,_53,classification_results_test.xlsx,0.6750
lg_dorsal,_54,classification_results_test.xlsx,0.5000
lg_dorsal,_55,classification_results_test.xlsx,0.5500
lg_dorsal,_56,classification_results_test.xlsx,0.6000
lg_dorsal,_57,classification_results_test.xlsx,0.5750
lg_dorsal,_58,classification_results_test.xlsx,0.6000
lg_dorsal,_59,classification_results_test.xlsx,0.6500
lg_dorsal,_6,classification_results_test.xlsx,0.6750
lg_dorsal,_60,classification_results_test.xlsx,0.5750
lg_dorsal,_61,classification_results_test.xlsx,0.5750
lg_dorsal,_62,classification_results_test.xlsx,0.6250
lg_dorsal,_63,classification_results_test.xlsx,0.5500
lg_dorsal,_64,classification_results_test.xlsx,0.5750
lg_dorsal,_65,classification_results_test.xlsx,0.6500
lg_dorsal,_66,classification_results_test.xlsx,0.5000
lg_dorsal,_67,classification_results_test.xlsx,0.4500
lg_dorsal,_68,classification_results_test.xlsx,0.6000
lg_dorsal,_69,classification_results_test.xlsx,0.5750
lg_dorsal,_7,classification_results_test.xlsx,0.7750
lg_dorsal,_70,classification_results_test.xlsx,0.5000
lg_dorsal,_71,classification_results_test.xlsx,0.5500
lg_dorsal,_72,classification_results_test.xlsx,0.5750
lg_dorsal,_73,classification_results_test.xlsx,0.4250
lg_dorsal,_74,classification_results_test.xlsx,0.4500
lg_dorsal,_75,classification_results_test.xlsx,0.5000
lg_dorsal,_76,classification_results_test.xlsx,0.7000
lg_dorsal,_77,classification_results_test.xlsx,0.7000
lg_dorsal,_78,classification_results_test.xlsx,0.6250
lg_dorsal,_79,classification_results_test.xlsx,0.7000
lg_dorsal,_8,classification_results_test.xlsx,0.6750
lg_dorsal,_80,classification_results_test.xlsx,0.5250
lg_dorsal,_81,classification_results_test.xlsx,0.5750
lg_dorsal,_82,classification_results_test.xlsx,0.6000
lg_dorsal,_83,classification_results_test.xlsx,0.4500
lg_dorsal,_84,classification_results_test.xlsx,0.7000
lg_dorsal,_85,classification_results_test.xlsx,0.4750
lg_dorsal,_86,classification_results_test.xlsx,0.5500
lg_dorsal,_87,classification_results_test.xlsx,0.5750
lg_dorsal,_88,classification_results_test.xlsx,0.5500
lg_dorsal,_89,classification_results_test.xlsx,0.5250
lg_dorsal,_9,classification_results_test.xlsx,0.6750
lg_dorsal,_90,classification_results_test.xlsx,0.5000
lg_dorsal,_91,classification_results_test.xlsx,0.6500
lg_dorsal,_92,classification_results_test.xlsx,0.4750
lg_dorsal,_93,classification_results_test.xlsx,0.5750
lg_dorsal,_94,classification_results_test.xlsx,0.6000
lg_dorsal,_95,classification_results_test.xlsx,0.5250
lg_dorsal,_96,classification_results_test.xlsx,0.4250
lg_dorsal,_97,classification_results_test.xlsx,0.6500
lg_dorsal,_98,classification_results_test.xlsx,0.5750
lg_dorsal,_99,classification_results_test.xlsx,0.5250
lg_dorsal_mixed,_1,classification_results_test.xlsx,0.5000
lg_dorsal_mixed,_10,classification_results_test.xlsx,0.5000
lg_dorsal_mixed,_100,classification_results_test.xlsx,0.5000
lg_dorsal_mixed,_11,classification_results_test.xlsx,0.5000
lg_dorsal_mixed,_12,classification_results_test.xlsx,0.5000
lg_dorsal_mixed,_13,classification_results_test.xlsx,0.5000
lg_dorsal_mixed,_14,classification_results_test.xlsx,0.5000
lg_dorsal_mixed,_15,classification_results_test.xlsx,0.5000
lg_dorsal_mixed,_16,classification_results_test.xlsx,0.5000
lg_dorsal_mixed,_17,classification_results_test.xlsx,0.5000
lg_dorsal_mixed,_18,classification_results_test.xlsx,0.5000
lg_dorsal_mixed,_19,classification_results_test.xlsx,0.6250
lg_dorsal_mixed,_2,classification_results_test.xlsx,0.5000
lg_dorsal_mixed,_20,classification_results_test.xlsx,0.5833
lg_dorsal_mixed,_21,classification_results_test.xlsx,0.5000
lg_dorsal_mixed,_22,classification_results_test.xlsx,0.5000
lg_dorsal_mixed,_23,classification_results_test.xlsx,0.5000
lg_dorsal_mixed,_24,classification_results_test.xlsx,0.5000
lg_dorsal_mixed,_25,classification_results_test.xlsx,0.6250
lg_dorsal_mixed,_26,classification_results_test.xlsx,0.5000
lg_dorsal_mixed,_27,classification_results_test.xlsx,0.5000
lg_dorsal_mixed,_28,classification_results_test.xlsx,0.5000
lg_dorsal_mixed,_29,classification_results_test.xlsx,0.5000
lg_dorsal_mixed,_3,classification_results_test.xlsx,0.5000
lg_dorsal_mixed,_30,classification_results_test.xlsx,0.5000
lg_dorsal_mixed,_31,classification_results_test.xlsx,0.4583
lg_dorsal_mixed,_32,classification_results_test.xlsx,0.5000
lg_dorsal_mixed,_33,classification_results_test.xlsx,0.5000
lg_dorsal_mixed,_34,classification_results_test.xlsx,0.5417
lg_dorsal_mixed,_35,classification_results_test.xlsx,0.5000
lg_dorsal_mixed,_36,classification_results_test.xlsx,0.5000
lg_dorsal_mixed,_37,classification_results_test.xlsx,0.5000
lg_dorsal_mixed,_38,classification_results_test.xlsx,0.5000
lg_dorsal_mixed,_39,classification_results_test.xlsx,0.5000
lg_dorsal_mixed,_4,classification_results_test.xlsx,0.5000
lg_dorsal_mixed,_40,classification_results_test.xlsx,0.5000
lg_dorsal_mixed,_41,classification_results_test.xlsx,0.5833
lg_dorsal_mixed,_42,classification_results_test.xlsx,0.5000
lg_dorsal_mixed,_43,classification_results_test.xlsx,0.5000
lg_dorsal_mixed,_44,classification_results_test.xlsx,0.5000
lg_dorsal_mixed,_45,classification_results_test.xlsx,0.5000
lg_dorsal_mixed,_46,classification_results_test.xlsx,0.3750
lg_dorsal_mixed,_47,classification_results_test.xlsx,0.5000
lg_dorsal_mixed,_48,classification_results_test.xlsx,0.5000
lg_dorsal_mixed,_49,classification_results_test.xlsx,0.5000
lg_dorsal_mixed,_5,classification_results_test.xlsx,0.5000
lg_dorsal_mixed,_50,classification_results_test.xlsx,0.5417
lg_dorsal_mixed,_51,classification_results_test.xlsx,0.5000
lg_dorsal_mixed,_52,classification_results_test.xlsx,0.5000
lg_dorsal_mixed,_53,classification_results_test.xlsx,0.5000
lg_dorsal_mixed,_54,classification_results_test.xlsx,0.4583
lg_dorsal_mixed,_55,classification_results_test.xlsx,0.5000
lg_dorsal_mixed,_56,classification_results_test.xlsx,0.5417
lg_dorsal_mixed,_57,classification_results_test.xlsx,0.5000
lg_dorsal_mixed,_58,classification_results_test.xlsx,0.5833
lg_dorsal_mixed,_59,classification_results_test.xlsx,0.5000
lg_dorsal_mixed,_6,classification_results_test.xlsx,0.4583
lg_dorsal_mixed,_60,classification_results_test.xlsx,0.5000
lg_dorsal_mixed,_61,classification_results_test.xlsx,0.5000
lg_dorsal_mixed,_62,classification_results_test.xlsx,0.4583
lg_dorsal_mixed,_63,classification_results_test.xlsx,0.6250
lg_dorsal_mixed,_64,classification_results_test.xlsx,0.3750
lg_dorsal_mixed,_65,classification_results_test.xlsx,0.5000
lg_dorsal_mixed,_66,classification_results_test.xlsx,0.5000
lg_dorsal_mixed,_67,classification_results_test.xlsx,0.5000
lg_dorsal_mixed,_68,classification_results_test.xlsx,0.5000
lg_dorsal_mixed,_69,classification_results_test.xlsx,0.5417
lg_dorsal_mixed,_7,classification_results_test.xlsx,0.5417
lg_dorsal_mixed,_70,classification_results_test.xlsx,0.5417
lg_dorsal_mixed,_71,classification_results_test.xlsx,0.5000
lg_dorsal_mixed,_72,classification_results_test.xlsx,0.5000
lg_dorsal_mixed,_73,classification_results_test.xlsx,0.5000
lg_dorsal_mixed,_74,classification_results_test.xlsx,0.5000
lg_dorsal_mixed,_75,classification_results_test.xlsx,0.3750
lg_dorsal_mixed,_76,classification_results_test.xlsx,0.5000
lg_dorsal_mixed,_77,classification_results_test.xlsx,0.7500
lg_dorsal_mixed,_78,classification_results_test.xlsx,0.5833
lg_dorsal_mixed,_79,classification_results_test.xlsx,0.5000
lg_dorsal_mixed,_8,classification_results_test.xlsx,0.5417
lg_dorsal_mixed,_80,classification_results_test.xlsx,0.5000
lg_dorsal_mixed,_81,classification_results_test.xlsx,0.5000
lg_dorsal_mixed,_82,classification_results_test.xlsx,0.5000
lg_dorsal_mixed,_83,classification_results_test.xlsx,0.5417
lg_dorsal_mixed,_84,classification_results_test.xlsx,0.4583
lg_dorsal_mixed,_85,classification_results_test.xlsx,0.6667
lg_dorsal_mixed,_86,classification_results_test.xlsx,0.5000
lg_dorsal_mixed,_87,classification_results_test.xlsx,0.5000
lg_dorsal_mixed,_88,classification_results_test.xlsx,0.7083
lg_dorsal_mixed,_89,classification_results_test.xlsx,0.6250
lg_dorsal_mixed,_9,classification_results_test.xlsx,0.5000
lg_dorsal_mixed,_90,classification_results_test.xlsx,0.5000
lg_dorsal_mixed,_91,classification_results_test.xlsx,0.5000
lg_dorsal_mixed,_92,classification_results_test.xlsx,0.5000
lg_dorsal_mixed,_93,classification_results_test.xlsx,0.6667
lg_dorsal_mixed,_94,classification_results_test.xlsx,0.5000
lg_dorsal_mixed,_95,classification_results_test.xlsx,0.5000
lg_dorsal_mixed,_96,classification_results_test.xlsx,0.5000
lg_dorsal_mixed,_97,classification_results_test.xlsx,0.5000
lg_dorsal_mixed,_98,classification_results_test.xlsx,0.5000
lg_dorsal_mixed,_99,classification_results_test.xlsx,0.5417
lg_ventral,_1,classification_results_test.xlsx,0.6500
lg_ventral,_10,classification_results_test.xlsx,0.5500
lg_ventral,_101,classification_results_test.xlsx,0.6000
lg_ventral,_1010,classification_results_test.xlsx,0.6000
lg_ventral,_11,classification_results_test.xlsx,0.6250
lg_ventral,_1111,classification_results_test.xlsx,0.7000
lg_ventral,_12,classification_results_test.xlsx,0.6500
lg_ventral,_1212,classification_results_test.xlsx,0.6750
lg_ventral,_13,classification_results_test.xlsx,0.6500
lg_ventral,_1313,classification_results_test.xlsx,0.6000
lg_ventral,_14,classification_results_test.xlsx,0.6750
lg_ventral,_1414,classification_results_test.xlsx,0.7000
lg_ventral,_15,classification_results_test.xlsx,0.6250
lg_ventral,_1515,classification_results_test.xlsx,0.5750
lg_ventral,_16,classification_results_test.xlsx,0.5500
lg_ventral,_1616,classification_results_test.xlsx,0.7000
lg_ventral,_17,classification_results_test.xlsx,0.6500
lg_ventral,_1717,classification_results_test.xlsx,0.7250
lg_ventral,_18,classification_results_test.xlsx,0.7000
lg_ventral,_1818,classification_results_test.xlsx,0.6750
lg_ventral,_19,classification_results_test.xlsx,0.5000
lg_ventral,_1919,classification_results_test.xlsx,0.6000
lg_ventral,_2,classification_results_test.xlsx,0.6250
lg_ventral,_20,classification_results_test.xlsx,0.4750
lg_ventral,_202,classification_results_test.xlsx,0.6750
lg_ventral,_2020,classification_results_test.xlsx,0.6250
lg_ventral,_21,classification_results_test.xlsx,0.6750
lg_ventral,_2121,classification_results_test.xlsx,0.6250
lg_ventral,_22,classification_results_test.xlsx,0.7250
lg_ventral,_2222,classification_results_test.xlsx,0.6500
lg_ventral,_23,classification_results_test.xlsx,0.6000
lg_ventral,_2323,classification_results_test.xlsx,0.6000
lg_ventral,_24,classification_results_test.xlsx,0.7000
lg_ventral,_2424,classification_results_test.xlsx,0.7000
lg_ventral,_25,classification_results_test.xlsx,0.6750
lg_ventral,_2525,classification_results_test.xlsx,0.7500
lg_ventral,_26,classification_results_test.xlsx,0.6250
lg_ventral,_2626,classification_results_test.xlsx,0.5500
lg_ventral,_27,classification_results_test.xlsx,0.5750
lg_ventral,_2727,classification_results_test.xlsx,0.6000
lg_ventral,_28,classification_results_test.xlsx,0.6250
lg_ventral,_29,classification_results_test.xlsx,0.7000
lg_ventral,_3,classification_results_test.xlsx,0.6250
lg_ventral,_30,classification_results_test.xlsx,0.7000
lg_ventral,_303,classification_results_test.xlsx,0.6500
lg_ventral,_31,classification_results_test.xlsx,0.5250
lg_ventral,_32,classification_results_test.xlsx,0.5750
lg_ventral,_33,classification_results_test.xlsx,0.7500
lg_ventral,_34,classification_results_test.xlsx,0.6500
lg_ventral,_35,classification_results_test.xlsx,0.6750
lg_ventral,_36,classification_results_test.xlsx,0.5750
lg_ventral,_37,classification_results_test.xlsx,0.7500
lg_ventral,_38,classification_results_test.xlsx,0.5500
lg_ventral,_39,classification_results_test.xlsx,0.6750
lg_ventral,_4,classification_results_test.xlsx,0.5750
lg_ventral,_40,classification_results_test.xlsx,0.6000
lg_ventral,_404,classification_results_test.xlsx,0.6250
lg_ventral,_41,classification_results_test.xlsx,0.6750
lg_ventral,_42,classification_results_test.xlsx,0.6500
lg_ventral,_43,classification_results_test.xlsx,0.6000
lg_ventral,_44,classification_results_test.xlsx,0.7000
lg_ventral,_45,classification_results_test.xlsx,0.5750
lg_ventral,_46,classification_results_test.xlsx,0.7000
lg_ventral,_47,classification_results_test.xlsx,0.7250
lg_ventral,_48,classification_results_test.xlsx,0.5750
lg_ventral,_49,classification_results_test.xlsx,0.6250
lg_ventral,_5,classification_results_test.xlsx,0.7250
lg_ventral,_50,classification_results_test.xlsx,0.6750
lg_ventral,_505,classification_results_test.xlsx,0.7000
lg_ventral,_51,classification_results_test.xlsx,0.6000
lg_ventral,_52,classification_results_test.xlsx,0.6750
lg_ventral,_53,classification_results_test.xlsx,0.6000
lg_ventral,_54,classification_results_test.xlsx,0.6250
lg_ventral,_55,classification_results_test.xlsx,0.6750
lg_ventral,_56,classification_results_test.xlsx,0.7250
lg_ventral,_57,classification_results_test.xlsx,0.6500
lg_ventral,_58,classification_results_test.xlsx,0.6500
lg_ventral,_59,classification_results_test.xlsx,0.6000
lg_ventral,_6,classification_results_test.xlsx,0.6250
lg_ventral,_60,classification_results_test.xlsx,0.5500
lg_ventral,_606,classification_results_test.xlsx,0.7250
lg_ventral,_61,classification_results_test.xlsx,0.6000
lg_ventral,_62,classification_results_test.xlsx,0.6750
lg_ventral,_63,classification_results_test.xlsx,0.5750
lg_ventral,_64,classification_results_test.xlsx,0.7000
lg_ventral,_65,classification_results_test.xlsx,0.6500
lg_ventral,_66,classification_results_test.xlsx,0.6750
lg_ventral,_67,classification_results_test.xlsx,0.5250
lg_ventral,_68,classification_results_test.xlsx,0.6500
lg_ventral,_69,classification_results_test.xlsx,0.7000
lg_ventral,_7,classification_results_test.xlsx,0.5500
lg_ventral,_70,classification_results_test.xlsx,0.6750
lg_ventral,_707,classification_results_test.xlsx,0.6750
lg_ventral,_71,classification_results_test.xlsx,0.6250
lg_ventral,_72,classification_results_test.xlsx,0.6250
lg_ventral,_73,classification_results_test.xlsx,0.5250
lg_ventral,_8,classification_results_test.xlsx,0.4750
lg_ventral,_808,classification_results_test.xlsx,0.6500
lg_ventral,_9,classification_results_test.xlsx,0.6750
lg_ventral,_909,classification_results_test.xlsx,0.6500
lg_ventral_mixed,_1,classification_results_test.xlsx,0.5417
lg_ventral_mixed,_10,classification_results_test.xlsx,0.4167
lg_ventral_mixed,_100,classification_results_test.xlsx,0.5000
lg_ventral_mixed,_11,classification_results_test.xlsx,0.5000
lg_ventral_mixed,_12,classification_results_test.xlsx,0.5000
lg_ventral_mixed,_13,classification_results_test.xlsx,0.5000
lg_ventral_mixed,_14,classification_results_test.xlsx,0.4583
lg_ventral_mixed,_15,classification_results_test.xlsx,0.5000
lg_ventral_mixed,_16,classification_results_test.xlsx,0.5000
lg_ventral_mixed,_17,classification_results_test.xlsx,0.5000
lg_ventral_mixed,_18,classification_results_test.xlsx,0.3333
lg_ventral_mixed,_19,classification_results_test.xlsx,0.5000
lg_ventral_mixed,_2,classification_results_test.xlsx,0.3750
lg_ventral_mixed,_20,classification_results_test.xlsx,0.3333
lg_ventral_mixed,_21,classification_results_test.xlsx,0.5000
lg_ventral_mixed,_22,classification_results_test.xlsx,0.5000
lg_ventral_mixed,_23,classification_results_test.xlsx,0.5000
lg_ventral_mixed,_24,classification_results_test.xlsx,0.5417
lg_ventral_mixed,_25,classification_results_test.xlsx,0.5000
lg_ventral_mixed,_26,classification_results_test.xlsx,0.5000
lg_ventral_mixed,_27,classification_results_test.xlsx,0.4583
lg_ventral_mixed,_28,classification_results_test.xlsx,0.5000
lg_ventral_mixed,_29,classification_results_test.xlsx,0.5417
lg_ventral_mixed,_3,classification_results_test.xlsx,0.5000
lg_ventral_mixed,_30,classification_results_test.xlsx,0.5833
lg_ventral_mixed,_31,classification_results_test.xlsx,0.5417
lg_ventral_mixed,_32,classification_results_test.xlsx,0.4583
lg_ventral_mixed,_33,classification_results_test.xlsx,0.4583
lg_ventral_mixed,_34,classification_results_test.xlsx,0.5000
lg_ventral_mixed,_35,classification_results_test.xlsx,0.4583
lg_ventral_mixed,_36,classification_results_test.xlsx,0.4167
lg_ventral_mixed,_37,classification_results_test.xlsx,0.5833
lg_ventral_mixed,_38,classification_results_test.xlsx,0.5000
lg_ventral_mixed,_39,classification_results_test.xlsx,0.5000
lg_ventral_mixed,_4,classification_results_test.xlsx,0.5000
lg_ventral_mixed,_40,classification_results_test.xlsx,0.6250
lg_ventral_mixed,_41,classification_results_test.xlsx,0.5833
lg_ventral_mixed,_42,classification_results_test.xlsx,0.5000
lg_ventral_mixed,_43,classification_results_test.xlsx,0.6667
lg_ventral_mixed,_44,classification_results_test.xlsx,0.4167
lg_ventral_mixed,_45,classification_results_test.xlsx,0.5417
lg_ventral_mixed,_46,classification_results_test.xlsx,0.5000
lg_ventral_mixed,_47,classification_results_test.xlsx,0.5000
lg_ventral_mixed,_48,classification_results_test.xlsx,0.5000
lg_ventral_mixed,_49,classification_results_test.xlsx,0.5833
lg_ventral_mixed,_5,classification_results_test.xlsx,0.5000
lg_ventral_mixed,_50,classification_results_test.xlsx,0.5833
lg_ventral_mixed,_51,classification_results_test.xlsx,0.5000
lg_ventral_mixed,_52,classification_results_test.xlsx,0.5000
lg_ventral_mixed,_53,classification_results_test.xlsx,0.5833
lg_ventral_mixed,_54,classification_results_test.xlsx,0.5000
lg_ventral_mixed,_55,classification_results_test.xlsx,0.5000
lg_ventral_mixed,_56,classification_results_test.xlsx,0.5000
lg_ventral_mixed,_57,classification_results_test.xlsx,0.5000
lg_ventral_mixed,_58,classification_results_test.xlsx,0.7083
lg_ventral_mixed,_59,classification_results_test.xlsx,0.5000
lg_ventral_mixed,_6,classification_results_test.xlsx,0.5000
lg_ventral_mixed,_60,classification_results_test.xlsx,0.5000
lg_ventral_mixed,_61,classification_results_test.xlsx,0.5000
lg_ventral_mixed,_62,classification_results_test.xlsx,0.5000
lg_ventral_mixed,_63,classification_results_test.xlsx,0.5000
lg_ventral_mixed,_64,classification_results_test.xlsx,0.4583
lg_ventral_mixed,_65,classification_results_test.xlsx,0.4167
lg_ventral_mixed,_66,classification_results_test.xlsx,0.6250
lg_ventral_mixed,_67,classification_results_test.xlsx,0.5417
lg_ventral_mixed,_68,classification_results_test.xlsx,0.5417
lg_ventral_mixed,_69,classification_results_test.xlsx,0.5000
lg_ventral_mixed,_7,classification_results_test.xlsx,0.4167
lg_ventral_mixed,_70,classification_results_test.xlsx,0.5833
lg_ventral_mixed,_71,classification_results_test.xlsx,0.5000
lg_ventral_mixed,_72,classification_results_test.xlsx,0.5000
lg_ventral_mixed,_73,classification_results_test.xlsx,0.5000
lg_ventral_mixed,_74,classification_results_test.xlsx,0.5000
lg_ventral_mixed,_75,classification_results_test.xlsx,0.5417
lg_ventral_mixed,_76,classification_results_test.xlsx,0.5000
lg_ventral_mixed,_77,classification_results_test.xlsx,0.3750
lg_ventral_mixed,_78,classification_results_test.xlsx,0.4167
lg_ventral_mixed,_79,classification_results_test.xlsx,0.5000
lg_ventral_mixed,_8,classification_results_test.xlsx,0.5000
lg_ventral_mixed,_80,classification_results_test.xlsx,0.3750
lg_ventral_mixed,_81,classification_results_test.xlsx,0.5417
lg_ventral_mixed,_82,classification_results_test.xlsx,0.5000
lg_ventral_mixed,_83,classification_results_test.xlsx,0.6250
lg_ventral_mixed,_84,classification_results_test.xlsx,0.5000
lg_ventral_mixed,_85,classification_results_test.xlsx,0.5000
lg_ventral_mixed,_86,classification_results_test.xlsx,0.5000
lg_ventral_mixed,_87,classification_results_test.xlsx,0.4583
lg_ventral_mixed,_88,classification_results_test.xlsx,0.4583
lg_ventral_mixed,_89,classification_results_test.xlsx,0.4583
lg_ventral_mixed,_9,classification_results_test.xlsx,0.5000
lg_ventral_mixed,_90,classification_results_test.xlsx,0.6250
lg_ventral_mixed,_91,classification_results_test.xlsx,0.3750
lg_ventral_mixed,_92,classification_results_test.xlsx,0.5417
lg_ventral_mixed,_93,classification_results_test.xlsx,0.4583
lg_ventral_mixed,_94,classification_results_test.xlsx,0.4583
lg_ventral_mixed,_95,classification_results_test.xlsx,0.4583
lg_ventral_mixed,_96,classification_results_test.xlsx,0.5000
lg_ventral_mixed,_97,classification_results_test.xlsx,0.5000
lg_ventral_mixed,_98,classification_results_test.xlsx,0.4167
lg_ventral_mixed,_99,classification_results_test.xlsx,0.5417
ls_dorsal,_1,classification_results_test.xlsx,1.0000
ls_dorsal,_10,classification_results_test.xlsx,0.9250
ls_dorsal,_100,classification_results_test.xlsx,0.9000
ls_dorsal,_11,classification_results_test.xlsx,1.0000
ls_dorsal,_12,classification_results_test.xlsx,1.0000
ls_dorsal,_13,classification_results_test.xlsx,0.9750
ls_dorsal,_14,classification_results_test.xlsx,0.9750
ls_dorsal,_15,classification_results_test.xlsx,0.9500
ls_dorsal,_16,classification_results_test.xlsx,0.8000
ls_dorsal,_17,classification_results_test.xlsx,0.9750
ls_dorsal,_18,classification_results_test.xlsx,1.0000
ls_dorsal,_19,classification_results_test.xlsx,0.9500
ls_dorsal,_2,classification_results_test.xlsx,0.9500
ls_dorsal,_20,classification_results_test.xlsx,0.7750
ls_dorsal,_21,classification_results_test.xlsx,0.9750
ls_dorsal,_22,classification_results_test.xlsx,1.0000
ls_dorsal,_23,classification_results_test.xlsx,0.9750
ls_dorsal,_24,classification_results_test.xlsx,0.9250
ls_dorsal,_25,classification_results_test.xlsx,1.0000
ls_dorsal,_26,classification_results_test.xlsx,0.9250
ls_dorsal,_27,classification_results_test.xlsx,0.9750
ls_dorsal,_28,classification_results_test.xlsx,0.9500
ls_dorsal,_29,classification_results_test.xlsx,0.9500
ls_dorsal,_3,classification_results_test.xlsx,0.9500
ls_dorsal,_30,classification_results_test.xlsx,0.9250
ls_dorsal,_31,classification_results_test.xlsx,0.9750
ls_dorsal,_32,classification_results_test.xlsx,1.0000
ls_dorsal,_33,classification_results_test.xlsx,0.9500
ls_dorsal,_34,classification_results_test.xlsx,0.9500
ls_dorsal,_35,classification_results_test.xlsx,0.8500
ls_dorsal,_36,classification_results_test.xlsx,1.0000
ls_dorsal,_37,classification_results_test.xlsx,0.9250
ls_dorsal,_38,classification_results_test.xlsx,1.0000
ls_dorsal,_39,classification_results_test.xlsx,0.9750
ls_dorsal,_4,classification_results_test.xlsx,1.0000
ls_dorsal,_40,classification_results_test.xlsx,0.9500
ls_dorsal,_41,classification_results_test.xlsx,0.9250
ls_dorsal,_42,classification_results_test.xlsx,1.0000
ls_dorsal,_43,classification_results_test.xlsx,0.9250
ls_dorsal,_44,classification_results_test.xlsx,0.9500
ls_dorsal,_45,classification_results_test.xlsx,0.9500
ls_dorsal,_46,classification_results_test.xlsx,0.9750
ls_dorsal,_47,classification_results_test.xlsx,1.0000
ls_dorsal,_48,classification_results_test.xlsx,1.0000
ls_dorsal,_49,classification_results_test.xlsx,0.9250
ls_dorsal,_5,classification_results_test.xlsx,0.9500
ls_dorsal,_50,classification_results_test.xlsx,0.9500
ls_dorsal,_51,classification_results_test.xlsx,0.9500
ls_dorsal,_52,classification_results_test.xlsx,1.0000
ls_dorsal,_53,classification_results_test.xlsx,0.9250
ls_dorsal,_54,classification_results_test.xlsx,0.9500
ls_dorsal,_55,classification_results_test.xlsx,0.9250
ls_dorsal,_56,classification_results_test.xlsx,0.9000
ls_dorsal,_57,classification_results_test.xlsx,0.9750
ls_dorsal,_58,classification_results_test.xlsx,0.9750
ls_dorsal,_59,classification_results_test.xlsx,1.0000
ls_dorsal,_6,classification_results_test.xlsx,0.9750
ls_dorsal,_60,classification_results_test.xlsx,0.9250
ls_dorsal,_61,classification_results_test.xlsx,1.0000
ls_dorsal,_62,classification_results_test.xlsx,0.9750
ls_dorsal,_63,classification_results_test.xlsx,0.9750
ls_dorsal,_64,classification_results_test.xlsx,0.9500
ls_dorsal,_65,classification_results_test.xlsx,0.9750
ls_dorsal,_66,classification_results_test.xlsx,1.0000
ls_dorsal,_67,classification_results_test.xlsx,0.9500
ls_dorsal,_68,classification_results_test.xlsx,1.0000
ls_dorsal,_69,classification_results_test.xlsx,0.9000
ls_dorsal,_7,classification_results_test.xlsx,0.9750
ls_dorsal,_70,classification_results_test.xlsx,0.9250
ls_dorsal,_71,classification_results_test.xlsx,0.9500
ls_dorsal,_72,classification_results_test.xlsx,0.9000
ls_dorsal,_73,classification_results_test.xlsx,0.9500
ls_dorsal,_74,classification_results_test.xlsx,0.9750
ls_dorsal,_75,classification_results_test.xlsx,0.8500
ls_dorsal,_76,classification_results_test.xlsx,1.0000
ls_dorsal,_77,classification_results_test.xlsx,1.0000
ls_dorsal,_78,classification_results_test.xlsx,0.9500
ls_dorsal,_79,classification_results_test.xlsx,0.9750
ls_dorsal,_8,classification_results_test.xlsx,1.0000
ls_dorsal,_80,classification_results_test.xlsx,0.8000
ls_dorsal,_81,classification_results_test.xlsx,0.8750
ls_dorsal,_82,classification_results_test.xlsx,1.0000
ls_dorsal,_83,classification_results_test.xlsx,0.9750
ls_dorsal,_84,classification_results_test.xlsx,0.9000
ls_dorsal,_85,classification_results_test.xlsx,0.9750
ls_dorsal,_86,classification_results_test.xlsx,0.9750
ls_dorsal,_87,classification_results_test.xlsx,0.9500
ls_dorsal,_88,classification_results_test.xlsx,0.9750
ls_dorsal,_89,classification_results_test.xlsx,1.0000
ls_dorsal,_9,classification_results_test.xlsx,0.9500
ls_dorsal,_90,classification_results_test.xlsx,0.9750
ls_dorsal,_91,classification_results_test.xlsx,0.9750
ls_dorsal,_92,classification_results_test.xlsx,0.9000
ls_dorsal,_93,classification_results_test.xlsx,0.9000
ls_dorsal,_94,classification_results_test.xlsx,0.9500
ls_dorsal,_95,classification_results_test.xlsx,0.9250
ls_dorsal,_96,classification_results_test.xlsx,0.9750
ls_dorsal,_97,classification_results_test.xlsx,0.9750
ls_dorsal,_98,classification_results_test.xlsx,0.9750
ls_dorsal,_99,classification_results_test.xlsx,0.9250
ls_dorsal_mixed,_1,classification_results_test.xlsx,0.4000
ls_dorsal_mixed,_10,classification_results_test.xlsx,0.5000
ls_dorsal_mixed,_100,classification_results_test.xlsx,0.4250
ls_dorsal_mixed,_11,classification_results_test.xlsx,0.5000
ls_dorsal_mixed,_12,classification_results_test.xlsx,0.6750
ls_dorsal_mixed,_13,classification_results_test.xlsx,0.5000
ls_dorsal_mixed,_14,classification_results_test.xlsx,0.5250
ls_dorsal_mixed,_15,classification_results_test.xlsx,0.5500
ls_dorsal_mixed,_16,classification_results_test.xlsx,0.5250
ls_dorsal_mixed,_17,classification_results_test.xlsx,0.3750
ls_dorsal_mixed,_18,classification_results_test.xlsx,0.5250
ls_dorsal_mixed,_19,classification_results_test.xlsx,0.4500
ls_dorsal_mixed,_2,classification_results_test.xlsx,0.5000
ls_dorsal_mixed,_20,classification_results_test.xlsx,0.6250
ls_dorsal_mixed,_21,classification_results_test.xlsx,0.5500
ls_dorsal_mixed,_22,classification_results_test.xlsx,0.4000
ls_dorsal_mixed,_23,classification_results_test.xlsx,0.5000
ls_dorsal_mixed,_24,classification_results_test.xlsx,0.4500
ls_dorsal_mixed,_25,classification_results_test.xlsx,0.3750
ls_dorsal_mixed,_26,classification_results_test.xlsx,0.5500
ls_dorsal_mixed,_27,classification_results_test.xlsx,0.5000
ls_dorsal_mixed,_28,classification_results_test.xlsx,0.5750
ls_dorsal_mixed,_29,classification_results_test.xlsx,0.5000
ls_dorsal_mixed,_3,classification_results_test.xlsx,0.4000
ls_dorsal_mixed,_30,classification_results_test.xlsx,0.4000
ls_dorsal_mixed,_31,classification_results_test.xlsx,0.5000
ls_dorsal_mixed,_32,classification_results_test.xlsx,0.5250
ls_dorsal_mixed,_33,classification_results_test.xlsx,0.5000
ls_dorsal_mixed,_34,classification_results_test.xlsx,0.3500
ls_dorsal_mixed,_35,classification_results_test.xlsx,0.3750
ls_dorsal_mixed,_36,classification_results_test.xlsx,0.5000
ls_dorsal_mixed,_37,classification_results_test.xlsx,0.3250
ls_dorsal_mixed,_38,classification_results_test.xlsx,0.5000
ls_dorsal_mixed,_39,classification_results_test.xlsx,0.6250
ls_dorsal_mixed,_4,classification_results_test.xlsx,0.4750
ls_dorsal_mixed,_40,classification_results_test.xlsx,0.3250
ls_dorsal_mixed,_41,classification_results_test.xlsx,0.5250
ls_dorsal_mixed,_42,classification_results_test.xlsx,0.4000
ls_dorsal_mixed,_43,classification_results_test.xlsx,0.5000
ls_dorsal_mixed,_44,classification_results_test.xlsx,0.5000
ls_dorsal_mixed,_45,classification_results_test.xlsx,0.5250
ls_dorsal_mixed,_46,classification_results_test.xlsx,0.4750
ls_dorsal_mixed,_47,classification_results_test.xlsx,0.4750
ls_dorsal_mixed,_48,classification_results_test.xlsx,0.5250
ls_dorsal_mixed,_49,classification_results_test.xlsx,0.4500
ls_dorsal_mixed,_5,classification_results_test.xlsx,0.4500
ls_dorsal_mixed,_50,classification_results_test.xlsx,0.5250
ls_dorsal_mixed,_51,classification_results_test.xlsx,0.4500
ls_dorsal_mixed,_52,classification_results_test.xlsx,0.5750
ls_dorsal_mixed,_53,classification_results_test.xlsx,0.4000
ls_dorsal_mixed,_54,classification_results_test.xlsx,0.5000
ls_dorsal_mixed,_55,classification_results_test.xlsx,0.5250
ls_dorsal_mixed,_56,classification_results_test.xlsx,0.4500
ls_dorsal_mixed,_57,classification_results_test.xlsx,0.3500
ls_dorsal_mixed,_58,classification_results_test.xlsx,0.5750
ls_dorsal_mixed,_59,classification_results_test.xlsx,0.4500
ls_dorsal_mixed,_6,classification_results_test.xlsx,0.5250
ls_dorsal_mixed,_60,classification_results_test.xlsx,0.4500
ls_dorsal_mixed,_61,classification_results_test.xlsx,0.4750
ls_dorsal_mixed,_62,classification_results_test.xlsx,0.5000
ls_dorsal_mixed,_63,classification_results_test.xlsx,0.5250
ls_dorsal_mixed,_64,classification_results_test.xlsx,0.5000
ls_dorsal_mixed,_65,classification_results_test.xlsx,0.4750
ls_dorsal_mixed,_66,classification_results_test.xlsx,0.4500
ls_dorsal_mixed,_67,classification_results_test.xlsx,0.4000
ls_dorsal_mixed,_68,classification_results_test.xlsx,0.3500
ls_dorsal_mixed,_69,classification_results_test.xlsx,0.5500
ls_dorsal_mixed,_7,classification_results_test.xlsx,0.5000
ls_dorsal_mixed,_70,classification_results_test.xlsx,0.4750
ls_dorsal_mixed,_71,classification_results_test.xlsx,0.4500
ls_dorsal_mixed,_72,classification_results_test.xlsx,0.5250
ls_dorsal_mixed,_73,classification_results_test.xlsx,0.6250
ls_dorsal_mixed,_74,classification_results_test.xlsx,0.5750
ls_dorsal_mixed,_75,classification_results_test.xlsx,0.3750
ls_dorsal_mixed,_76,classification_results_test.xlsx,0.5000
ls_dorsal_mixed,_77,classification_results_test.xlsx,0.3500
ls_dorsal_mixed,_78,classification_results_test.xlsx,0.4750
ls_dorsal_mixed,_79,classification_results_test.xlsx,0.5500
ls_dorsal_mixed,_8,classification_results_test.xlsx,0.3750
ls_dorsal_mixed,_80,classification_results_test.xlsx,0.4500
ls_dorsal_mixed,_81,classification_results_test.xlsx,0.5250
ls_dorsal_mixed,_82,classification_results_test.xlsx,0.4250
ls_dorsal_mixed,_83,classification_results_test.xlsx,0.5750
ls_dorsal_mixed,_84,classification_results_test.xlsx,0.4500
ls_dorsal_mixed,_85,classification_results_test.xlsx,0.4250
ls_dorsal_mixed,_86,classification_results_test.xlsx,0.4750
ls_dorsal_mixed,_87,classification_results_test.xlsx,0.5000
ls_dorsal_mixed,_88,classification_results_test.xlsx,0.5000
ls_dorsal_mixed,_89,classification_results_test.xlsx,0.5250
ls_dorsal_mixed,_9,classification_results_test.xlsx,0.6000
ls_dorsal_mixed,_90,classification_results_test.xlsx,0.4000
ls_dorsal_mixed,_91,classification_results_test.xlsx,0.3250
ls_dorsal_mixed,_92,classification_results_test.xlsx,0.4000
ls_dorsal_mixed,_93,classification_results_test.xlsx,0.4250
ls_dorsal_mixed,_94,classification_results_test.xlsx,0.4500
ls_dorsal_mixed,_95,classification_results_test.xlsx,0.5500
ls_dorsal_mixed,_96,classification_results_test.xlsx,0.4000
ls_dorsal_mixed,_97,classification_results_test.xlsx,0.4750
ls_dorsal_mixed,_98,classification_results_test.xlsx,0.4500
ls_dorsal_mixed,_99,classification_results_test.xlsx,0.5000
ls_ventral,_1,classification_results_test.xlsx,0.9000
ls_ventral,_10,classification_results_test.xlsx,0.9500
ls_ventral,_100,classification_results_test.xlsx,0.9000
ls_ventral,_11,classification_results_test.xlsx,0.9500
ls_ventral,_12,classification_results_test.xlsx,0.9250
ls_ventral,_13,classification_results_test.xlsx,0.9250
ls_ventral,_14,classification_results_test.xlsx,0.9250
ls_ventral,_15,classification_results_test.xlsx,0.8250
ls_ventral,_16,classification_results_test.xlsx,0.9750
ls_ventral,_17,classification_results_test.xlsx,0.9500
ls_ventral,_18,classification_results_test.xlsx,0.9000
ls_ventral,_19,classification_results_test.xlsx,0.9000
ls_ventral,_2,classification_results_test.xlsx,0.8000
ls_ventral,_20,classification_results_test.xlsx,0.9250
ls_ventral,_21,classification_results_test.xlsx,0.8750
ls_ventral,_22,classification_results_test.xlsx,0.9250
ls_ventral,_23,classification_results_test.xlsx,0.9500
ls_ventral,_24,classification_results_test.xlsx,0.9000
ls_ventral,_25,classification_results_test.xlsx,0.9250
ls_ventral,_26,classification_results_test.xlsx,0.9000
ls_ventral,_27,classification_results_test.xlsx,0.9250
ls_ventral,_28,classification_results_test.xlsx,0.9000
ls_ventral,_29,classification_results_test.xlsx,0.9250
ls_ventral,_3,classification_results_test.xlsx,0.9500
ls_ventral,_30,classification_results_test.xlsx,1.0000
ls_ventral,_31,classification_results_test.xlsx,0.9500
ls_ventral,_32,classification_results_test.xlsx,0.9500
ls_ventral,_33,classification_results_test.xlsx,0.8250
ls_ventral,_34,classification_results_test.xlsx,0.9750
ls_ventral,_35,classification_results_test.xlsx,1.0000
ls_ventral,_36,classification_results_test.xlsx,0.7500
ls_ventral,_37,classification_results_test.xlsx,0.9500
ls_ventral,_38,classification_results_test.xlsx,0.8750
ls_ventral,_39,classification_results_test.xlsx,0.9500
ls_ventral,_4,classification_results_test.xlsx,0.9750
ls_ventral,_40,classification_results_test.xlsx,0.9250
ls_ventral,_41,classification_results_test.xlsx,0.9500
ls_ventral,_42,classification_results_test.xlsx,0.8750
ls_ventral,_43,classification_results_test.xlsx,0.9750
ls_ventral,_44,classification_results_test.xlsx,1.0000
ls_ventral,_45,classification_results_test.xlsx,0.9750
ls_ventral,_46,classification_results_test.xlsx,0.9750
ls_ventral,_47,classification_results_test.xlsx,0.9000
ls_ventral,_48,classification_results_test.xlsx,0.9500
ls_ventral,_49,classification_results_test.xlsx,0.9500
ls_ventral,_5,classification_results_test.xlsx,0.9250
ls_ventral,_50,classification_results_test.xlsx,0.9500
ls_ventral,_51,classification_results_test.xlsx,0.8750
ls_ventral,_52,classification_results_test.xlsx,0.9500
ls_ventral,_53,classification_results_test.xlsx,0.9750
ls_ventral,_54,classification_results_test.xlsx,0.9500
ls_ventral,_55,classification_results_test.xlsx,0.8250
ls_ventral,_56,classification_results_test.xlsx,0.9250
ls_ventral,_57,classification_results_test.xlsx,0.9750
ls_ventral,_58,classification_results_test.xlsx,0.9250
ls_ventral,_59,classification_results_test.xlsx,0.9250
ls_ventral,_6,classification_results_test.xlsx,0.9250
ls_ventral,_60,classification_results_test.xlsx,0.8250
ls_ventral,_61,classification_results_test.xlsx,0.8500
ls_ventral,_62,classification_results_test.xlsx,0.8500
ls_ventral,_63,classification_results_test.xlsx,0.9500
ls_ventral,_64,classification_results_test.xlsx,0.7000
ls_ventral,_65,classification_results_test.xlsx,0.7250
ls_ventral,_66,classification_results_test.xlsx,0.9250
ls_ventral,_67,classification_results_test.xlsx,0.8250
ls_ventral,_68,classification_results_test.xlsx,0.9000
ls_ventral,_69,classification_results_test.xlsx,0.9750
ls_ventral,_7,classification_results_test.xlsx,0.9000
ls_ventral,_70,classification_results_test.xlsx,1.0000
ls_ventral,_71,classification_results_test.xlsx,0.9000
ls_ventral,_72,classification_results_test.xlsx,0.9250
ls_ventral,_73,classification_results_test.xlsx,0.9250
ls_ventral,_74,classification_results_test.xlsx,0.9000
ls_ventral,_75,classification_results_test.xlsx,0.8750
ls_ventral,_76,classification_results_test.xlsx,0.9750
ls_ventral,_77,classification_results_test.xlsx,1.0000
ls_ventral,_78,classification_results_test.xlsx,1.0000
ls_ventral,_79,classification_results_test.xlsx,0.9750
ls_ventral,_8,classification_results_test.xlsx,0.9250
ls_ventral,_80,classification_results_test.xlsx,0.9500
ls_ventral,_81,classification_results_test.xlsx,0.9250
ls_ventral,_82,classification_results_test.xlsx,0.9500
ls_ventral,_83,classification_results_test.xlsx,1.0000
ls_ventral,_84,classification_results_test.xlsx,1.0000
ls_ventral,_85,classification_results_test.xlsx,0.9750
ls_ventral,_86,classification_results_test.xlsx,0.9500
ls_ventral,_87,classification_results_test.xlsx,0.9500
ls_ventral,_88,classification_results_test.xlsx,1.0000
ls_ventral,_89,classification_results_test.xlsx,0.9750
ls_ventral,_9,classification_results_test.xlsx,0.9500
ls_ventral,_90,classification_results_test.xlsx,0.9000
ls_ventral,_91,classification_results_test.xlsx,0.9000
ls_ventral,_92,classification_results_test.xlsx,0.8250
ls_ventral,_93,classification_results_test.xlsx,0.9750
ls_ventral,_94,classification_results_test.xlsx,0.9000
ls_ventral,_95,classification_results_test.xlsx,0.8750
ls_ventral,_96,classification_results_test.xlsx,0.9250
ls_ventral,_97,classification_results_test.xlsx,0.8750
ls_ventral,_98,classification_results_test.xlsx,0.9000
ls_ventral,_99,classification_results_test.xlsx,0.9500
ls_ventral_mixed,_1,classification_results_test.xlsx,0.5750
ls_ventral_mixed,_10,classification_results_test.xlsx,0.4500
ls_ventral_mixed,_100,classification_results_test.xlsx,0.4250
ls_ventral_mixed,_11,classification_results_test.xlsx,0.5250
ls_ventral_mixed,_12,classification_results_test.xlsx,0.5750
ls_ventral_mixed,_13,classification_results_test.xlsx,0.4750
ls_ventral_mixed,_14,classification_results_test.xlsx,0.4250
ls_ventral_mixed,_15,classification_results_test.xlsx,0.4250
ls_ventral_mixed,_16,classification_results_test.xlsx,0.4500
ls_ventral_mixed,_17,classification_results_test.xlsx,0.4000
ls_ventral_mixed,_18,classification_results_test.xlsx,0.4500
ls_ventral_mixed,_19,classification_results_test.xlsx,0.5000
ls_ventral_mixed,_2,classification_results_test.xlsx,0.4250
ls_ventral_mixed,_20,classification_results_test.xlsx,0.6000
ls_ventral_mixed,_21,classification_results_test.xlsx,0.4750
ls_ventral_mixed,_22,classification_results_test.xlsx,0.6000
ls_ventral_mixed,_23,classification_results_test.xlsx,0.4250
ls_ventral_mixed,_24,classification_results_test.xlsx,0.4500
ls_ventral_mixed,_25,classification_results_test.xlsx,0.5000
ls_ventral_mixed,_26,classification_results_test.xlsx,0.4250
ls_ventral_mixed,_27,classification_results_test.xlsx,0.5000
ls_ventral_mixed,_28,classification_results_test.xlsx,0.5000
ls_ventral_mixed,_29,classification_results_test.xlsx,0.4000
ls_ventral_mixed,_3,classification_results_test.xlsx,0.5750
ls_ventral_mixed,_30,classification_results_test.xlsx,0.4500
ls_ventral_mixed,_31,classification_results_test.xlsx,0.4500
ls_ventral_mixed,_32,classification_results_test.xlsx,0.3750
ls_ventral_mixed,_33,classification_results_test.xlsx,0.5500
ls_ventral_mixed,_34,classification_results_test.xlsx,0.5000
ls_ventral_mixed,_35,classification_results_test.xlsx,0.6250
ls_ventral_mixed,_36,classification_results_test.xlsx,0.4750
ls_ventral_mixed,_37,classification_results_test.xlsx,0.5500
ls_ventral_mixed,_38,classification_results_test.xlsx,0.5000
ls_ventral_mixed,_39,classification_results_test.xlsx,0.5250
ls_ventral_mixed,_4,classification_results_test.xlsx,0.5000
ls_ventral_mixed,_40,classification_results_test.xlsx,0.5000
ls_ventral_mixed,_41,classification_results_test.xlsx,0.4250
ls_ventral_mixed,_42,classification_results_test.xlsx,0.5250
ls_ventral_mixed,_43,classification_results_test.xlsx,0.5250
ls_ventral_mixed,_44,classification_results_test.xlsx,0.4250
ls_ventral_mixed,_45,classification_results_test.xlsx,0.5250
ls_ventral_mixed,_46,classification_results_test.xlsx,0.4000
ls_ventral_mixed,_47,classification_results_test.xlsx,0.5000
ls_ventral_mixed,_48,classification_results_test.xlsx,0.5000
ls_ventral_mixed,_49,classification_results_test.xlsx,0.4000
ls_ventral_mixed,_5,classification_results_test.xlsx,0.5000
ls_ventral_mixed,_50,classification_results_test.xlsx,0.4500
ls_ventral_mixed,_51,classification_results_test.xlsx,0.5000
ls_ventral_mixed,_52,classification_results_test.xlsx,0.4000
ls_ventral_mixed,_53,classification_results_test.xlsx,0.5500
ls_ventral_mixed,_54,classification_results_test.xlsx,0.4500
ls_ventral_mixed,_55,classification_results_test.xlsx,0.4250
ls_ventral_mixed,_56,classification_results_test.xlsx,0.4500
ls_ventral_mixed,_57,classification_results_test.xlsx,0.6000
ls_ventral_mixed,_58,classification_results_test.xlsx,0.4500
ls_ventral_mixed,_59,classification_results_test.xlsx,0.5000
ls_ventral_mixed,_6,classification_results_test.xlsx,0.4750
ls_ventral_mixed,_60,classification_results_test.xlsx,0.5000
ls_ventral_mixed,_61,classification_results_test.xlsx,0.4500
ls_ventral_mixed,_62,classification_results_test.xlsx,0.4250
ls_ventral_mixed,_63,classification_results_test.xlsx,0.4750
ls_ventral_mixed,_64,classification_results_test.xlsx,0.4750
ls_ventral_mixed,_65,classification_results_test.xlsx,0.5000
ls_ventral_mixed,_66,classification_results_test.xlsx,0.5250
ls_ventral_mixed,_67,classification_results_test.xlsx,0.5000
ls_ventral_mixed,_68,classification_results_test.xlsx,0.5000
ls_ventral_mixed,_69,classification_results_test.xlsx,0.4500
ls_ventral_mixed,_7,classification_results_test.xlsx,0.4250
ls_ventral_mixed,_70,classification_results_test.xlsx,0.4750
ls_ventral_mixed,_71,classification_results_test.xlsx,0.5000
ls_ventral_mixed,_72,classification_results_test.xlsx,0.5000
ls_ventral_mixed,_73,classification_results_test.xlsx,0.4000
ls_ventral_mixed,_74,classification_results_test.xlsx,0.4000
ls_ventral_mixed,_75,classification_results_test.xlsx,0.5000
ls_ventral_mixed,_76,classification_results_test.xlsx,0.5000
ls_ventral_mixed,_77,classification_results_test.xlsx,0.4750
ls_ventral_mixed,_78,classification_results_test.xlsx,0.4750
ls_ventral_mixed,_79,classification_results_test.xlsx,0.4500
ls_ventral_mixed,_8,classification_results_test.xlsx,0.5000
ls_ventral_mixed,_80,classification_results_test.xlsx,0.4750
ls_ventral_mixed,_81,classification_results_test.xlsx,0.4250
ls_ventral_mixed,_82,classification_results_test.xlsx,0.5250
ls_ventral_mixed,_83,classification_results_test.xlsx,0.4750
ls_ventral_mixed,_84,classification_results_test.xlsx,0.4250
ls_ventral_mixed,_85,classification_results_test.xlsx,0.5000
ls_ventral_mixed,_86,classification_results_test.xlsx,0.4500
ls_ventral_mixed,_87,classification_results_test.xlsx,0.4250
ls_ventral_mixed,_88,classification_results_test.xlsx,0.6000
ls_ventral_mixed,_89,classification_results_test.xlsx,0.5250
ls_ventral_mixed,_9,classification_results_test.xlsx,0.5000
ls_ventral_mixed,_90,classification_results_test.xlsx,0.4500
ls_ventral_mixed,_91,classification_results_test.xlsx,0.5000
ls_ventral_mixed,_92,classification_results_test.xlsx,0.6250
ls_ventral_mixed,_93,classification_results_test.xlsx,0.5250
ls_ventral_mixed,_94,classification_results_test.xlsx,0.4750
ls_ventral_mixed,_95,classification_results_test.xlsx,0.4750
ls_ventral_mixed,_96,classification_results_test.xlsx,0.4500
ls_ventral_mixed,_97,classification_results_test.xlsx,0.4250
ls_ventral_mixed,_98,classification_results_test.xlsx,0.5250
ls_ventral_mixed,_99,classification_results_test.xlsx,0.5250
